CVCL	label
cellosaurus:CVCL_8030	1102-mel
cellosaurus:CVCL_DI59	1174
cellosaurus:CVCL_8032	1182-mel
cellosaurus:CVCL_8033	1195-mel
cellosaurus:CVCL_7943	1290-mel
cellosaurus:CVCL_7943	1290-mel
cellosaurus:CVCL_DI11	1858-mel.a
cellosaurus:CVCL_DI12	1858-mel.b
cellosaurus:CVCL_DI13	1858-mel.c
cellosaurus:CVCL_DI14	1936-mel
cellosaurus:CVCL_DI15	1962-mel
cellosaurus:CVCL_X481	201T
cellosaurus:CVCL_7933	21NT
cellosaurus:CVCL_1046	23132/87
cellosaurus:CVCL_1046	23132/87
cellosaurus:CVCL_X482	273T
cellosaurus:CVCL_X482	273T
cellosaurus:CVCL_1047	380
cellosaurus:CVCL_1798	42-MG-BA
cellosaurus:CVCL_1798	42-MG-BA
cellosaurus:CVCL_4633	501-mel
cellosaurus:CVCL_4633	501-mel
cellosaurus:CVCL_4633	501-mel
cellosaurus:CVCL_4633	501-mel
cellosaurus:CVCL_4633	501-mel
cellosaurus:CVCL_8051	526-mel
cellosaurus:CVCL_9875	600MPE
cellosaurus:CVCL_1048	639V
cellosaurus:CVCL_1048	639V
cellosaurus:CVCL_1048	639V
cellosaurus:CVCL_1048	639V
cellosaurus:CVCL_0079	697
cellosaurus:CVCL_1050	769-P
cellosaurus:CVCL_1050	769-P
cellosaurus:CVCL_1050	769-P
cellosaurus:CVCL_1050	769-P
cellosaurus:CVCL_1050	769-P
cellosaurus:CVCL_1052	8-MG-BA
cellosaurus:CVCL_1052	8-MG-BA
cellosaurus:CVCL_1053	8305C
cellosaurus:CVCL_1054	8505C
cellosaurus:CVCL_8058	938-mel
cellosaurus:CVCL_9724	A-1847
cellosaurus:CVCL_9724	A-1847
cellosaurus:CVCL_9724	A-1847
cellosaurus:CVCL_9724	A-1847
cellosaurus:CVCL_1060	A-253
cellosaurus:CVCL_1060	A-253
cellosaurus:CVCL_1055	A-427
cellosaurus:CVCL_1055	A-427
cellosaurus:CVCL_1055	A-427
cellosaurus:CVCL_1055	A-427
cellosaurus:CVCL_1055	A-427
cellosaurus:CVCL_1055	A-427
cellosaurus:CVCL_1065	A-704
cellosaurus:CVCL_1065	A-704
cellosaurus:CVCL_W875	A02-JLO
cellosaurus:CVCL_S856	A04-GEH
cellosaurus:CVCL_S857	A06-MLC
cellosaurus:CVCL_W879	A07-RM
cellosaurus:CVCL_1057	A101D
cellosaurus:CVCL_1057	A101D
cellosaurus:CVCL_1057	A101D
cellosaurus:CVCL_DH60	A12
cellosaurus:CVCL_DH61	A13
cellosaurus:CVCL_W878	A15
cellosaurus:CVCL_1062	A3/Kawakami
cellosaurus:CVCL_1064	A4/Fukuda
cellosaurus:CVCL_6245	A4573
cellosaurus:CVCL_5113	ACC-MESO-1
cellosaurus:CVCL_5113	ACC-MESO-1
cellosaurus:CVCL_5114	ACC-MESO-4
cellosaurus:CVCL_DG88	ACC-OV551
cellosaurus:CVCL_DG88	ACC-OV551
cellosaurus:CVCL_DG89	ACC-OV552
cellosaurus:CVCL_DG89	ACC-OV552
cellosaurus:CVCL_DG95	ACC-OV684
cellosaurus:CVCL_DG95	ACC-OV684
cellosaurus:CVCL_DG96	ACC-OV68A
cellosaurus:CVCL_DG96	ACC-OV68A
cellosaurus:CVCL_DG86	ACC-OV7
cellosaurus:CVCL_DG86	ACC-OV7
cellosaurus:CVCL_U801	AF-6
cellosaurus:CVCL_U957	AlAb
cellosaurus:CVCL_LC71	AlDo
cellosaurus:CVCL_1805	ALL-SIL
cellosaurus:CVCL_1805	ALL-SIL
cellosaurus:CVCL_1070	AM-38
cellosaurus:CVCL_1070	AM-38
cellosaurus:CVCL_1806	AMO1
cellosaurus:CVCL_0028	AN3-CA
cellosaurus:CVCL_0028	AN3-CA
cellosaurus:CVCL_0028	AN3-CA
cellosaurus:CVCL_0028	AN3-CA
cellosaurus:CVCL_0028	AN3-CA
cellosaurus:CVCL_0028	AN3-CA
cellosaurus:CVCL_2856	ASH-3
cellosaurus:CVCL_1074	AU565
cellosaurus:CVCL_1074	AU565
cellosaurus:CVCL_1074	AU565
cellosaurus:CVCL_1079	BC-1
cellosaurus:CVCL_1079	BC-1
cellosaurus:CVCL_1079	BC-1
cellosaurus:CVCL_1079	BC-1
cellosaurus:CVCL_1079	BC-1
cellosaurus:CVCL_1856	BC-2
cellosaurus:CVCL_1856	BC-2
cellosaurus:CVCL_1856	BC-2
cellosaurus:CVCL_1856	BC-2
cellosaurus:CVCL_1856	BC-2
cellosaurus:CVCL_1080	BC-3
cellosaurus:CVCL_1080	BC-3
cellosaurus:CVCL_1080	BC-3
cellosaurus:CVCL_1080	BC-3
cellosaurus:CVCL_1080	BC-3
cellosaurus:CVCL_1958	BC-3C
cellosaurus:CVCL_B040	BC-5
cellosaurus:CVCL_B040	BC-5
cellosaurus:CVCL_B040	BC-5
cellosaurus:CVCL_0165	BCBL-1
cellosaurus:CVCL_0165	BCBL-1
cellosaurus:CVCL_0165	BCBL-1
cellosaurus:CVCL_0107	BCP-1
cellosaurus:CVCL_0107	BCP-1
cellosaurus:CVCL_0107	BCP-1
cellosaurus:CVCL_0107	BCP-1
cellosaurus:CVCL_4613	BDCM
cellosaurus:CVCL_4613	BDCM
cellosaurus:CVCL_4613	BDCM
cellosaurus:CVCL_1093	Becker
cellosaurus:CVCL_1082	BEN
cellosaurus:CVCL_1082	BEN
cellosaurus:CVCL_1082	BEN
cellosaurus:CVCL_1085	BHT-101
cellosaurus:CVCL_1085	BHT-101
cellosaurus:CVCL_1085	BHT-101
cellosaurus:CVCL_1086	BHY
cellosaurus:CVCL_2307	BICR 10
cellosaurus:CVCL_2308	BICR 16
cellosaurus:CVCL_2309	BICR 18
cellosaurus:CVCL_2310	BICR 22
cellosaurus:CVCL_2310	BICR 22
cellosaurus:CVCL_2312	BICR 31
cellosaurus:CVCL_2312	BICR 31
cellosaurus:CVCL_2313	BICR 56
cellosaurus:CVCL_2314	BICR 6
cellosaurus:CVCL_2315	BICR 78
cellosaurus:CVCL_1088	BL-70
cellosaurus:CVCL_7948	BOY-12E
cellosaurus:CVCL_E997	BroLi
cellosaurus:CVCL_2319	BT-483
cellosaurus:CVCL_2319	BT-483
cellosaurus:CVCL_2319	BT-483
cellosaurus:CVCL_2319	BT-483
cellosaurus:CVCL_2319	BT-483
cellosaurus:CVCL_2319	BT-483
cellosaurus:CVCL_2253	C-4-I
cellosaurus:CVCL_2253	C-4-I
cellosaurus:CVCL_2253	C-4-I
cellosaurus:CVCL_2253	C-4-I
cellosaurus:CVCL_1095	C-4-II
cellosaurus:CVCL_1095	C-4-II
cellosaurus:CVCL_1095	C-4-II
cellosaurus:CVCL_S959	C170
cellosaurus:CVCL_S959	C170
cellosaurus:CVCL_S959	C170
cellosaurus:CVCL_1100	Ca Ski
cellosaurus:CVCL_1100	Ca Ski
cellosaurus:CVCL_1100	Ca Ski
cellosaurus:CVCL_1100	Ca Ski
cellosaurus:CVCL_1100	Ca Ski
cellosaurus:CVCL_1100	Ca Ski
cellosaurus:CVCL_1100	Ca Ski
cellosaurus:CVCL_3495	CA-HPV-10
cellosaurus:CVCL_1101	CA46
cellosaurus:CVCL_1101	CA46
cellosaurus:CVCL_1101	CA46
cellosaurus:CVCL_1101	CA46
cellosaurus:CVCL_1103	CADO-ES1
cellosaurus:CVCL_1103	CADO-ES1
cellosaurus:CVCL_0235	Caki-2
cellosaurus:CVCL_0235	Caki-2
cellosaurus:CVCL_0235	Caki-2
cellosaurus:CVCL_0235	Caki-2
cellosaurus:CVCL_1104	CAL-120
cellosaurus:CVCL_1104	CAL-120
cellosaurus:CVCL_1104	CAL-120
cellosaurus:CVCL_1104	CAL-120
cellosaurus:CVCL_1104	CAL-120
cellosaurus:CVCL_1105	CAL-12T
cellosaurus:CVCL_1105	CAL-12T
cellosaurus:CVCL_1105	CAL-12T
cellosaurus:CVCL_1106	CAL-148
cellosaurus:CVCL_1106	CAL-148
cellosaurus:CVCL_1106	CAL-148
cellosaurus:CVCL_1106	CAL-148
cellosaurus:CVCL_1106	CAL-148
cellosaurus:CVCL_1808	CAL-29
cellosaurus:CVCL_1808	CAL-29
cellosaurus:CVCL_1108	CAL-33
cellosaurus:CVCL_1111	CAL-54
cellosaurus:CVCL_1111	CAL-54
cellosaurus:CVCL_1111	CAL-54
cellosaurus:CVCL_1112	CAL-62
cellosaurus:CVCL_1112	CAL-62
cellosaurus:CVCL_1112	CAL-62
cellosaurus:CVCL_1809	CAL-78
cellosaurus:CVCL_1114	CAL-85-1
cellosaurus:CVCL_1114	CAL-85-1
cellosaurus:CVCL_1114	CAL-85-1
cellosaurus:CVCL_1114	CAL-85-1
cellosaurus:CVCL_5121	CaLo
cellosaurus:CVCL_5121	CaLo
cellosaurus:CVCL_0236	Calu-6
cellosaurus:CVCL_0236	Calu-6
cellosaurus:CVCL_0236	Calu-6
cellosaurus:CVCL_0236	Calu-6
cellosaurus:CVCL_0236	Calu-6
cellosaurus:CVCL_0236	Calu-6
cellosaurus:CVCL_1115	CAMA-1
cellosaurus:CVCL_1115	CAMA-1
cellosaurus:CVCL_1115	CAMA-1
cellosaurus:CVCL_1115	CAMA-1
cellosaurus:CVCL_1115	CAMA-1
cellosaurus:CVCL_1115	CAMA-1
cellosaurus:CVCL_0200	Caov-1
cellosaurus:CVCL_0202	Caov-4
cellosaurus:CVCL_0202	Caov-4
cellosaurus:CVCL_0202	Caov-4
cellosaurus:CVCL_0202	Caov-4
cellosaurus:CVCL_0202	Caov-4
cellosaurus:CVCL_0026	Capan-2
cellosaurus:CVCL_0026	Capan-2
cellosaurus:CVCL_0026	Capan-2
cellosaurus:CVCL_0026	Capan-2
cellosaurus:CVCL_1116	CaR-1
cellosaurus:CVCL_1117	CAS-1
cellosaurus:CVCL_DF79	CC-10A
cellosaurus:CVCL_DF79	CC-10A
cellosaurus:CVCL_DF80	CC-10B
cellosaurus:CVCL_DF80	CC-10B
cellosaurus:CVCL_DF78	CC-8
cellosaurus:CVCL_DF78	CC-8
cellosaurus:CVCL_3298	CCD-1103 KIDTr
cellosaurus:CVCL_3299	CCD-1105 KIDTr
cellosaurus:CVCL_2870	CCD-14Br
cellosaurus:CVCL_1118	CCF-STTG1
cellosaurus:CVCL_1118	CCF-STTG1
cellosaurus:CVCL_1118	CCF-STTG1
cellosaurus:CVCL_1118	CCF-STTG1
cellosaurus:CVCL_2873	CCK-81
cellosaurus:CVCL_2873	CCK-81
cellosaurus:CVCL_1860	CCRF-SB
cellosaurus:CVCL_1860	CCRF-SB
cellosaurus:CVCL_0209	CESS
cellosaurus:CVCL_0209	CESS
cellosaurus:CVCL_1123	CHP-126
cellosaurus:CVCL_1123	CHP-126
cellosaurus:CVCL_1124	CHP-134
cellosaurus:CVCL_1124	CHP-134
cellosaurus:CVCL_1124	CHP-134
cellosaurus:CVCL_1125	CHP-212
cellosaurus:CVCL_1125	CHP-212
cellosaurus:CVCL_1125	CHP-212
cellosaurus:CVCL_1125	CHP-212
cellosaurus:CVCL_1861	Ci-1
cellosaurus:CVCL_M711	CIPULLO
cellosaurus:CVCL_U797	CJM
cellosaurus:CVCL_1978	CL-11
cellosaurus:CVCL_1978	CL-11
cellosaurus:CVCL_1978	CL-11
cellosaurus:CVCL_1979	CL-14
cellosaurus:CVCL_1979	CL-14
cellosaurus:CVCL_1979	CL-14
cellosaurus:CVCL_1980	CL-34
cellosaurus:CVCL_1980	CL-34
cellosaurus:CVCL_1980	CL-34
cellosaurus:CVCL_1982	CL-40
cellosaurus:CVCL_1982	CL-40
cellosaurus:CVCL_1982	CL-40
cellosaurus:CVCL_9533	CLB-Ma2
cellosaurus:CVCL_9533	CLB-Ma2
cellosaurus:CVCL_5728	CLS-54
cellosaurus:CVCL_5728	CLS-54
cellosaurus:CVCL_1126	CML-T1
cellosaurus:CVCL_1126	CML-T1
cellosaurus:CVCL_1126	CML-T1
cellosaurus:CVCL_1127	CoCM-1
cellosaurus:CVCL_1128	COLO 668
cellosaurus:CVCL_1129	COLO 678
cellosaurus:CVCL_1129	COLO 678
cellosaurus:CVCL_1129	COLO 678
cellosaurus:CVCL_1129	COLO 678
cellosaurus:CVCL_1131	COLO 680N
cellosaurus:CVCL_1131	COLO 680N
cellosaurus:CVCL_1132	COLO 684
cellosaurus:CVCL_1132	COLO 684
cellosaurus:CVCL_1991	COLO 685
cellosaurus:CVCL_1992	COLO 699
cellosaurus:CVCL_1133	COLO 741
cellosaurus:CVCL_1133	COLO 741
cellosaurus:CVCL_1997	COLO 783
cellosaurus:CVCL_1134	COLO 792
cellosaurus:CVCL_1134	COLO 792
cellosaurus:CVCL_1136	COLO 824
cellosaurus:CVCL_1136	COLO 824
cellosaurus:CVCL_2002	COLO 849
cellosaurus:CVCL_2003	COLO 853
cellosaurus:CVCL_2004	COLO 857
cellosaurus:CVCL_2005	COLO 858
cellosaurus:CVCL_1138	COR-L105
cellosaurus:CVCL_1138	COR-L105
cellosaurus:CVCL_1138	COR-L105
cellosaurus:CVCL_1138	COR-L105
cellosaurus:CVCL_2409	COR-L24
cellosaurus:CVCL_1140	COR-L279
cellosaurus:CVCL_1140	COR-L279
cellosaurus:CVCL_1140	COR-L279
cellosaurus:CVCL_1140	COR-L279
cellosaurus:CVCL_2412	COR-L311
cellosaurus:CVCL_2415	COR-L47
cellosaurus:CVCL_2416	COR-L51
cellosaurus:CVCL_1141	COR-L88
cellosaurus:CVCL_1141	COR-L88
cellosaurus:CVCL_1141	COR-L88
cellosaurus:CVCL_1141	COR-L88
cellosaurus:CVCL_2418	COR-L95
cellosaurus:CVCL_2418	COR-L95
cellosaurus:CVCL_2419	COV318
cellosaurus:CVCL_2419	COV318
cellosaurus:CVCL_2010	COV434
cellosaurus:CVCL_2010	COV434
cellosaurus:CVCL_2424	COV504
cellosaurus:CVCL_2425	COV644
cellosaurus:CVCL_2425	COV644
cellosaurus:CVCL_1146	CPC-N
cellosaurus:CVCL_1146	CPC-N
cellosaurus:CVCL_1147	CRO-AP2
cellosaurus:CVCL_1147	CRO-AP2
cellosaurus:CVCL_1147	CRO-AP2
cellosaurus:CVCL_1148	CRO-AP5
cellosaurus:CVCL_1148	CRO-AP5
cellosaurus:CVCL_1148	CRO-AP5
cellosaurus:CVCL_DF76	CSCC-1
cellosaurus:CVCL_DF76	CSCC-1
cellosaurus:CVCL_DF77	CSCC-7
cellosaurus:CVCL_DF77	CSCC-7
cellosaurus:CVCL_1149	CTB-1
cellosaurus:CVCL_1151	CW-2
cellosaurus:CVCL_DH62	D01
cellosaurus:CVCL_DH63	D03
cellosaurus:CVCL_H604	D04
cellosaurus:CVCL_H607	D05
cellosaurus:CVCL_H608	D08
cellosaurus:CVCL_H945	D10
cellosaurus:CVCL_H946	D11
cellosaurus:CVCL_H944	D14
cellosaurus:CVCL_H943	D17
cellosaurus:CVCL_W869	D20
cellosaurus:CVCL_DH67	D22
cellosaurus:CVCL_W871	D24
cellosaurus:CVCL_W872	D25
cellosaurus:CVCL_DH69	D28
cellosaurus:CVCL_1155	D283 Med
cellosaurus:CVCL_1155	D283 Med
cellosaurus:CVCL_1155	D283 Med
cellosaurus:CVCL_1155	D283 Med
cellosaurus:CVCL_1155	D283 Med
cellosaurus:CVCL_1155	D283 Med
cellosaurus:CVCL_DH70	D29
cellosaurus:CVCL_DH71	D30
cellosaurus:CVCL_DH72	D32
cellosaurus:CVCL_0018	D341 Med
cellosaurus:CVCL_0018	D341 Med
cellosaurus:CVCL_0018	D341 Med
cellosaurus:CVCL_0018	D341 Med
cellosaurus:CVCL_0018	D341 Med
cellosaurus:CVCL_0018	D341 Med
cellosaurus:CVCL_0018	D341 Med
cellosaurus:CVCL_DG37	D35
cellosaurus:CVCL_DH73	D36
cellosaurus:CVCL_DH74	D38
cellosaurus:CVCL_1157	D384 Med
cellosaurus:CVCL_DH75	D40
cellosaurus:CVCL_DH76	D41
cellosaurus:CVCL_1275	D425 Med
cellosaurus:CVCL_1275	D425 Med
cellosaurus:CVCL_1161	D458 Med
cellosaurus:CVCL_DH66	D49
cellosaurus:CVCL_DH65	D54
cellosaurus:CVCL_1165	D556 Med
cellosaurus:CVCL_DH64	D64
cellosaurus:CVCL_0243	DAN-G
cellosaurus:CVCL_1167	Daoy
cellosaurus:CVCL_1167	Daoy
cellosaurus:CVCL_1167	Daoy
cellosaurus:CVCL_1168	DB
cellosaurus:CVCL_1168	DB
cellosaurus:CVCL_1168	DB
cellosaurus:CVCL_1168	DB
cellosaurus:CVCL_1168	DB
cellosaurus:CVCL_1169	DBTRG-05MG
cellosaurus:CVCL_1169	DBTRG-05MG
cellosaurus:CVCL_1169	DBTRG-05MG
cellosaurus:CVCL_1169	DBTRG-05MG
cellosaurus:CVCL_M814	DDLS8817
cellosaurus:CVCL_M814	DDLS8817
cellosaurus:CVCL_1170	DEL
cellosaurus:CVCL_1171	Detroit 562
cellosaurus:CVCL_1171	Detroit 562
cellosaurus:CVCL_1171	Detroit 562
cellosaurus:CVCL_1171	Detroit 562
cellosaurus:CVCL_1171	Detroit 562
cellosaurus:CVCL_0244	DG-75
cellosaurus:CVCL_0244	DG-75
cellosaurus:CVCL_0244	DG-75
cellosaurus:CVCL_0244	DG-75
cellosaurus:CVCL_0244	DG-75
cellosaurus:CVCL_1173	DK-MG
cellosaurus:CVCL_1173	DK-MG
cellosaurus:CVCL_1173	DK-MG
cellosaurus:CVCL_1173	DK-MG
cellosaurus:CVCL_2019	DM-3
cellosaurus:CVCL_1174	DMS 114
cellosaurus:CVCL_1174	DMS 114
cellosaurus:CVCL_1174	DMS 114
cellosaurus:CVCL_1174	DMS 114
cellosaurus:CVCL_1175	DMS 153
cellosaurus:CVCL_1175	DMS 153
cellosaurus:CVCL_1175	DMS 153
cellosaurus:CVCL_1175	DMS 153
cellosaurus:CVCL_1176	DMS 273
cellosaurus:CVCL_1176	DMS 273
cellosaurus:CVCL_1176	DMS 273
cellosaurus:CVCL_1176	DMS 273
cellosaurus:CVCL_2438	DMS 454
cellosaurus:CVCL_1177	DMS 53
cellosaurus:CVCL_1177	DMS 53
cellosaurus:CVCL_1177	DMS 53
cellosaurus:CVCL_1177	DMS 53
cellosaurus:CVCL_1177	DMS 53
cellosaurus:CVCL_1178	DMS 79
cellosaurus:CVCL_1178	DMS 79
cellosaurus:CVCL_1178	DMS 79
cellosaurus:CVCL_1178	DMS 79
cellosaurus:CVCL_1178	DMS 79
cellosaurus:CVCL_2439	DMS 92
cellosaurus:CVCL_2022	DND-41
cellosaurus:CVCL_1179	DoHH2
cellosaurus:CVCL_1179	DoHH2
cellosaurus:CVCL_1179	DoHH2
cellosaurus:CVCL_1179	DoHH2
cellosaurus:CVCL_1179	DoHH2
cellosaurus:CVCL_1179	DoHH2
cellosaurus:CVCL_1181	DoTc2 4510
cellosaurus:CVCL_1181	DoTc2 4510
cellosaurus:CVCL_1181	DoTc2 4510
cellosaurus:CVCL_1181	DoTc2 4510
cellosaurus:CVCL_1183	DU4475
cellosaurus:CVCL_1183	DU4475
cellosaurus:CVCL_1183	DU4475
cellosaurus:CVCL_1183	DU4475
cellosaurus:CVCL_1183	DU4475
cellosaurus:CVCL_1183	DU4475
cellosaurus:CVCL_1183	DU4475
cellosaurus:CVCL_DH86	E3GS2.4
cellosaurus:CVCL_2027	EB1
cellosaurus:CVCL_2027	EB1
cellosaurus:CVCL_2027	EB1
cellosaurus:CVCL_2027	EB1
cellosaurus:CVCL_1186	EB2
cellosaurus:CVCL_1186	EB2
cellosaurus:CVCL_1186	EB2
cellosaurus:CVCL_1185	EB3 [Human Burkitt lymphoma]
cellosaurus:CVCL_1185	EB3 [Human Burkitt lymphoma]
cellosaurus:CVCL_1187	EC-GI-10
cellosaurus:CVCL_1188	ECC10
cellosaurus:CVCL_1189	ECC12
cellosaurus:CVCL_1191	EFE-184
cellosaurus:CVCL_1191	EFE-184
cellosaurus:CVCL_1191	EFE-184
cellosaurus:CVCL_0253	EFM-19
cellosaurus:CVCL_0253	EFM-19
cellosaurus:CVCL_0253	EFM-19
cellosaurus:CVCL_0253	EFM-19
cellosaurus:CVCL_0253	EFM-19
cellosaurus:CVCL_0253	EFM-19
cellosaurus:CVCL_0253	EFM-19
cellosaurus:CVCL_1812	EFM-192A
cellosaurus:CVCL_1812	EFM-192A
cellosaurus:CVCL_1812	EFM-192A
cellosaurus:CVCL_1812	EFM-192A
cellosaurus:CVCL_1194	EHEB
cellosaurus:CVCL_2030	EJM
cellosaurus:CVCL_2030	EJM
cellosaurus:CVCL_1195	EKVX
cellosaurus:CVCL_1195	EKVX
cellosaurus:CVCL_1195	EKVX
cellosaurus:CVCL_1195	EKVX
cellosaurus:CVCL_1195	EKVX
cellosaurus:CVCL_1195	EKVX
cellosaurus:CVCL_1195	EKVX
cellosaurus:CVCL_1195	EKVX
cellosaurus:CVCL_1195	EKVX
cellosaurus:CVCL_M653	Elijah
cellosaurus:CVCL_1196	EM-2
cellosaurus:CVCL_1196	EM-2
cellosaurus:CVCL_1196	EM-2
cellosaurus:CVCL_2034	EN
cellosaurus:CVCL_0258	EoL-1
cellosaurus:CVCL_1197	EPLC-272H
cellosaurus:CVCL_1197	EPLC-272H
cellosaurus:CVCL_1197	EPLC-272H
cellosaurus:CVCL_5122	ES-1-OT
cellosaurus:CVCL_AX39	ES2
cellosaurus:CVCL_1205	ESS-1
cellosaurus:CVCL_1216	EW-3
cellosaurus:CVCL_H614	FE-PD
cellosaurus:CVCL_4W88	FM116
cellosaurus:CVCL_C576	FM2
cellosaurus:CVCL_9674	FM45
cellosaurus:CVCL_C587	FM48
cellosaurus:CVCL_C590	FM55M2
cellosaurus:CVCL_C593	FM56
cellosaurus:CVCL_C594	FM57
cellosaurus:CVCL_C595	FM58
cellosaurus:CVCL_C581	FM6
cellosaurus:CVCL_9676	FM62
cellosaurus:CVCL_C599	FM66
cellosaurus:CVCL_C600	FM69
cellosaurus:CVCL_C602	FM72
cellosaurus:CVCL_C603	FM74
cellosaurus:CVCL_9677	FM76
cellosaurus:CVCL_C606	FM78
cellosaurus:CVCL_C607	FM79
cellosaurus:CVCL_C609	FM82
cellosaurus:CVCL_C610	FM86
cellosaurus:CVCL_9679	FM88
cellosaurus:CVCL_C582	FM9
cellosaurus:CVCL_C615	FM92
cellosaurus:CVCL_C618	FM95
cellosaurus:CVCL_2444	fR2
cellosaurus:CVCL_1219	FTC-133
cellosaurus:CVCL_1219	FTC-133
cellosaurus:CVCL_2447	FTC-238
cellosaurus:CVCL_2447	FTC-238
cellosaurus:CVCL_M815	FU-DDLS-1
cellosaurus:CVCL_2047	FU-OV-1
cellosaurus:CVCL_2047	FU-OV-1
cellosaurus:CVCL_2908	Fu97
cellosaurus:CVCL_2908	Fu97
cellosaurus:CVCL_2908	Fu97
cellosaurus:CVCL_2908	Fu97
cellosaurus:CVCL_2908	Fu97
cellosaurus:CVCL_D880	Fuji
cellosaurus:CVCL_2909	G-292 clone A141B1
cellosaurus:CVCL_2909	G-292 clone A141B1
cellosaurus:CVCL_1221	G-402
cellosaurus:CVCL_1221	G-402
cellosaurus:CVCL_1221	G-402
cellosaurus:CVCL_1221	G-402
cellosaurus:CVCL_DG66	G166
cellosaurus:CVCL_DG69	G179
cellosaurus:CVCL_1226	GaMG
cellosaurus:CVCL_1226	GaMG
cellosaurus:CVCL_7956	GAY2911
cellosaurus:CVCL_1227	GB-1
cellosaurus:CVCL_DG58	GBM2
cellosaurus:CVCL_DG63	GBM7
cellosaurus:CVCL_1229	GCT
cellosaurus:CVCL_1229	GCT
cellosaurus:CVCL_1229	GCT
cellosaurus:CVCL_1229	GCT
cellosaurus:CVCL_1229	GCT
cellosaurus:CVCL_1229	GCT
cellosaurus:CVCL_A344	GCT 27
cellosaurus:CVCL_1230	GDM-1
cellosaurus:CVCL_1230	GDM-1
cellosaurus:CVCL_1230	GDM-1
cellosaurus:CVCL_1231	GI-1
cellosaurus:CVCL_7042	GIST522
cellosaurus:CVCL_7043	GIST62
cellosaurus:CVCL_8204	GLC-14
cellosaurus:CVCL_8215	GLC-36
cellosaurus:CVCL_8218	GLC-8
cellosaurus:CVCL_8218	GLC-8
cellosaurus:CVCL_DG67	GliNS2
cellosaurus:CVCL_R580	GM06991
cellosaurus:CVCL_1233	GMS-10
cellosaurus:CVCL_1233	GMS-10
cellosaurus:CVCL_S967	GP202
cellosaurus:CVCL_S968	GP220
cellosaurus:CVCL_2450	GP2d
cellosaurus:CVCL_1235	GP5d
cellosaurus:CVCL_1817	Granta-452
cellosaurus:CVCL_1818	Granta-519
cellosaurus:CVCL_1818	Granta-519
cellosaurus:CVCL_1818	Granta-519
cellosaurus:CVCL_1818	Granta-519
cellosaurus:CVCL_8876	GSS
cellosaurus:CVCL_8877	GSU
cellosaurus:CVCL_1238	H-EMC-SS
cellosaurus:CVCL_L296	H-STS
cellosaurus:CVCL_D788	HAL
cellosaurus:CVCL_8226	HANK1
cellosaurus:CVCL_4213	HBL-1 [Human diffuse large B-cell lymphoma]
cellosaurus:CVCL_M574	HBL-2 [Human AIDS-related non-Hodgkin lymphoma]
cellosaurus:CVCL_M172	HC-AFW1
cellosaurus:CVCL_2917	HCC-56
cellosaurus:CVCL_2917	HCC-56
cellosaurus:CVCL_3374	HCC1007
cellosaurus:CVCL_1244	HCC1008
cellosaurus:CVCL_1244	HCC1008
cellosaurus:CVCL_1244	HCC1008
cellosaurus:CVCL_1244	HCC1008
cellosaurus:CVCL_1244	HCC1008
cellosaurus:CVCL_1244	HCC1008
cellosaurus:CVCL_1245	HCC1143
cellosaurus:CVCL_1245	HCC1143
cellosaurus:CVCL_1245	HCC1143
cellosaurus:CVCL_1245	HCC1143
cellosaurus:CVCL_1245	HCC1143
cellosaurus:CVCL_1245	HCC1143
cellosaurus:CVCL_1245	HCC1143
cellosaurus:CVCL_1245	HCC1143
cellosaurus:CVCL_1245	HCC1143
cellosaurus:CVCL_1245	HCC1143
cellosaurus:CVCL_1245	HCC1143
cellosaurus:CVCL_1245	HCC1143
cellosaurus:CVCL_1245	HCC1143
cellosaurus:CVCL_1245	HCC1143
cellosaurus:CVCL_1245	HCC1143
cellosaurus:CVCL_1245	HCC1143
cellosaurus:CVCL_1245	HCC1143
cellosaurus:CVCL_1245	HCC1143
cellosaurus:CVCL_1245	HCC1143
cellosaurus:CVCL_1245	HCC1143
cellosaurus:CVCL_1245	HCC1143
cellosaurus:CVCL_1245	HCC1143
cellosaurus:CVCL_1245	HCC1143
cellosaurus:CVCL_1245	HCC1143
cellosaurus:CVCL_1245	HCC1143
cellosaurus:CVCL_1245	HCC1143
cellosaurus:CVCL_1245	HCC1143
cellosaurus:CVCL_1245	HCC1143
cellosaurus:CVCL_1245	HCC1143
cellosaurus:CVCL_1245	HCC1143
cellosaurus:CVCL_1245	HCC1143
cellosaurus:CVCL_1245	HCC1143
cellosaurus:CVCL_1245	HCC1143
cellosaurus:CVCL_1245	HCC1143
cellosaurus:CVCL_1245	HCC1143
cellosaurus:CVCL_1245	HCC1143
cellosaurus:CVCL_1245	HCC1143
cellosaurus:CVCL_1245	HCC1143
cellosaurus:CVCL_1245	HCC1143
cellosaurus:CVCL_1245	HCC1143
cellosaurus:CVCL_1245	HCC1143
cellosaurus:CVCL_1245	HCC1143
cellosaurus:CVCL_1245	HCC1143
cellosaurus:CVCL_1245	HCC1143
cellosaurus:CVCL_1245	HCC1143
cellosaurus:CVCL_1245	HCC1143
cellosaurus:CVCL_1245	HCC1143
cellosaurus:CVCL_1245	HCC1143
cellosaurus:CVCL_1245	HCC1143
cellosaurus:CVCL_1245	HCC1143
cellosaurus:CVCL_1245	HCC1143
cellosaurus:CVCL_1245	HCC1143
cellosaurus:CVCL_1245	HCC1143
cellosaurus:CVCL_1245	HCC1143
cellosaurus:CVCL_1245	HCC1143
cellosaurus:CVCL_1245	HCC1143
cellosaurus:CVCL_1245	HCC1143
cellosaurus:CVCL_1245	HCC1143
cellosaurus:CVCL_1245	HCC1143
cellosaurus:CVCL_1245	HCC1143
cellosaurus:CVCL_1245	HCC1143
cellosaurus:CVCL_1245	HCC1143
cellosaurus:CVCL_1245	HCC1143
cellosaurus:CVCL_1245	HCC1143
cellosaurus:CVCL_1245	HCC1143
cellosaurus:CVCL_1245	HCC1143
cellosaurus:CVCL_1245	HCC1143
cellosaurus:CVCL_1245	HCC1143
cellosaurus:CVCL_1245	HCC1143
cellosaurus:CVCL_1245	HCC1143
cellosaurus:CVCL_1245	HCC1143
cellosaurus:CVCL_1245	HCC1143
cellosaurus:CVCL_1245	HCC1143
cellosaurus:CVCL_1245	HCC1143
cellosaurus:CVCL_1245	HCC1143
cellosaurus:CVCL_1245	HCC1143
cellosaurus:CVCL_1245	HCC1143
cellosaurus:CVCL_1245	HCC1143
cellosaurus:CVCL_1245	HCC1143
cellosaurus:CVCL_1245	HCC1143
cellosaurus:CVCL_1245	HCC1143
cellosaurus:CVCL_1245	HCC1143
cellosaurus:CVCL_1245	HCC1143
cellosaurus:CVCL_1245	HCC1143
cellosaurus:CVCL_1245	HCC1143
cellosaurus:CVCL_1245	HCC1143
cellosaurus:CVCL_1245	HCC1143
cellosaurus:CVCL_1245	HCC1143
cellosaurus:CVCL_1245	HCC1143
cellosaurus:CVCL_1245	HCC1143
cellosaurus:CVCL_1245	HCC1143
cellosaurus:CVCL_1245	HCC1143
cellosaurus:CVCL_1245	HCC1143
cellosaurus:CVCL_1245	HCC1143
cellosaurus:CVCL_1245	HCC1143
cellosaurus:CVCL_1245	HCC1143
cellosaurus:CVCL_1245	HCC1143
cellosaurus:CVCL_1245	HCC1143
cellosaurus:CVCL_1245	HCC1143
cellosaurus:CVCL_1245	HCC1143
cellosaurus:CVCL_1245	HCC1143
cellosaurus:CVCL_1245	HCC1143
cellosaurus:CVCL_1245	HCC1143
cellosaurus:CVCL_1245	HCC1143
cellosaurus:CVCL_1245	HCC1143
cellosaurus:CVCL_1245	HCC1143
cellosaurus:CVCL_1245	HCC1143
cellosaurus:CVCL_1245	HCC1143
cellosaurus:CVCL_1245	HCC1143
cellosaurus:CVCL_1245	HCC1143
cellosaurus:CVCL_1245	HCC1143
cellosaurus:CVCL_1245	HCC1143
cellosaurus:CVCL_1245	HCC1143
cellosaurus:CVCL_1245	HCC1143
cellosaurus:CVCL_1245	HCC1143
cellosaurus:CVCL_1245	HCC1143
cellosaurus:CVCL_1245	HCC1143
cellosaurus:CVCL_1246	HCC1143 BL
cellosaurus:CVCL_5126	HCC1171
cellosaurus:CVCL_5126	HCC1171
cellosaurus:CVCL_1247	HCC1187
cellosaurus:CVCL_1247	HCC1187
cellosaurus:CVCL_1247	HCC1187
cellosaurus:CVCL_1247	HCC1187
cellosaurus:CVCL_1247	HCC1187
cellosaurus:CVCL_1247	HCC1187
cellosaurus:CVCL_1247	HCC1187
cellosaurus:CVCL_1247	HCC1187
cellosaurus:CVCL_1247	HCC1187
cellosaurus:CVCL_1247	HCC1187
cellosaurus:CVCL_1247	HCC1187
cellosaurus:CVCL_5127	HCC1195
cellosaurus:CVCL_5127	HCC1195
cellosaurus:CVCL_5127	HCC1195
cellosaurus:CVCL_5128	HCC1359
cellosaurus:CVCL_1249	HCC1395
cellosaurus:CVCL_1249	HCC1395
cellosaurus:CVCL_1249	HCC1395
cellosaurus:CVCL_1249	HCC1395
cellosaurus:CVCL_1249	HCC1395
cellosaurus:CVCL_1249	HCC1395
cellosaurus:CVCL_1249	HCC1395
cellosaurus:CVCL_1249	HCC1395
cellosaurus:CVCL_1249	HCC1395
cellosaurus:CVCL_1249	HCC1395
cellosaurus:CVCL_1249	HCC1395
cellosaurus:CVCL_1249	HCC1395
cellosaurus:CVCL_1249	HCC1395
cellosaurus:CVCL_1249	HCC1395
cellosaurus:CVCL_1249	HCC1395
cellosaurus:CVCL_1249	HCC1395
cellosaurus:CVCL_1249	HCC1395
cellosaurus:CVCL_1249	HCC1395
cellosaurus:CVCL_1249	HCC1395
cellosaurus:CVCL_1249	HCC1395
cellosaurus:CVCL_1249	HCC1395
cellosaurus:CVCL_1249	HCC1395
cellosaurus:CVCL_1249	HCC1395
cellosaurus:CVCL_1249	HCC1395
cellosaurus:CVCL_1249	HCC1395
cellosaurus:CVCL_1250	HCC1395 BL
cellosaurus:CVCL_2057	HCC15
cellosaurus:CVCL_2057	HCC15
cellosaurus:CVCL_2057	HCC15
cellosaurus:CVCL_2057	HCC15
cellosaurus:CVCL_2057	HCC15
cellosaurus:CVCL_2057	HCC15
cellosaurus:CVCL_1254	HCC1500
cellosaurus:CVCL_1254	HCC1500
cellosaurus:CVCL_1254	HCC1500
cellosaurus:CVCL_1254	HCC1500
cellosaurus:CVCL_1254	HCC1500
cellosaurus:CVCL_1254	HCC1500
cellosaurus:CVCL_1254	HCC1500
cellosaurus:CVCL_1255	HCC1569
cellosaurus:CVCL_1255	HCC1569
cellosaurus:CVCL_1255	HCC1569
cellosaurus:CVCL_1255	HCC1569
cellosaurus:CVCL_1255	HCC1569
cellosaurus:CVCL_1255	HCC1569
cellosaurus:CVCL_1255	HCC1569
cellosaurus:CVCL_1255	HCC1569
cellosaurus:CVCL_1255	HCC1569
cellosaurus:CVCL_1256	HCC1599
cellosaurus:CVCL_1256	HCC1599
cellosaurus:CVCL_1256	HCC1599
cellosaurus:CVCL_1256	HCC1599
cellosaurus:CVCL_1256	HCC1599
cellosaurus:CVCL_1256	HCC1599
cellosaurus:CVCL_1256	HCC1599
cellosaurus:CVCL_1256	HCC1599
cellosaurus:CVCL_1256	HCC1599
cellosaurus:CVCL_1256	HCC1599
cellosaurus:CVCL_1256	HCC1599
cellosaurus:CVCL_1256	HCC1599
cellosaurus:CVCL_5129	HCC1833
cellosaurus:CVCL_5129	HCC1833
cellosaurus:CVCL_5130	HCC193
cellosaurus:CVCL_5130	HCC193
cellosaurus:CVCL_2062	HCC202
cellosaurus:CVCL_2062	HCC202
cellosaurus:CVCL_2062	HCC202
cellosaurus:CVCL_2062	HCC202
cellosaurus:CVCL_2062	HCC202
cellosaurus:CVCL_2062	HCC202
cellosaurus:CVCL_2062	HCC202
cellosaurus:CVCL_2062	HCC202
cellosaurus:CVCL_1261	HCC2157
cellosaurus:CVCL_1261	HCC2157
cellosaurus:CVCL_1261	HCC2157
cellosaurus:CVCL_1261	HCC2157
cellosaurus:CVCL_1261	HCC2157
cellosaurus:CVCL_3375	HCC2185
cellosaurus:CVCL_1263	HCC2218
cellosaurus:CVCL_1263	HCC2218
cellosaurus:CVCL_1263	HCC2218
cellosaurus:CVCL_1263	HCC2218
cellosaurus:CVCL_1263	HCC2218
cellosaurus:CVCL_1263	HCC2218
cellosaurus:CVCL_1263	HCC2218
cellosaurus:CVCL_1263	HCC2218
cellosaurus:CVCL_1263	HCC2218
cellosaurus:CVCL_1263	HCC2218
cellosaurus:CVCL_1263	HCC2218
cellosaurus:CVCL_1263	HCC2218
cellosaurus:CVCL_1263	HCC2218
cellosaurus:CVCL_1263	HCC2218
cellosaurus:CVCL_5131	HCC2279
cellosaurus:CVCL_5131	HCC2279
cellosaurus:CVCL_5131	HCC2279
cellosaurus:CVCL_5132	HCC2429
cellosaurus:CVCL_5133	HCC2450
cellosaurus:CVCL_5133	HCC2450
cellosaurus:CVCL_3376	HCC2688
cellosaurus:CVCL_1265	HCC2935
cellosaurus:CVCL_1265	HCC2935
cellosaurus:CVCL_1266	HCC2998
cellosaurus:CVCL_1266	HCC2998
cellosaurus:CVCL_1266	HCC2998
cellosaurus:CVCL_1266	HCC2998
cellosaurus:CVCL_1266	HCC2998
cellosaurus:CVCL_1266	HCC2998
cellosaurus:CVCL_1266	HCC2998
cellosaurus:CVCL_1266	HCC2998
cellosaurus:CVCL_3377	HCC3153
cellosaurus:CVCL_2058	HCC33
cellosaurus:CVCL_5134	HCC364
cellosaurus:CVCL_2059	HCC366
cellosaurus:CVCL_2059	HCC366
cellosaurus:CVCL_2059	HCC366
cellosaurus:CVCL_2059	HCC366
cellosaurus:CVCL_2059	HCC366
cellosaurus:CVCL_1267	HCC38
cellosaurus:CVCL_1267	HCC38
cellosaurus:CVCL_1267	HCC38
cellosaurus:CVCL_1267	HCC38
cellosaurus:CVCL_1267	HCC38
cellosaurus:CVCL_1267	HCC38
cellosaurus:CVCL_1267	HCC38
cellosaurus:CVCL_1267	HCC38
cellosaurus:CVCL_1267	HCC38
cellosaurus:CVCL_1267	HCC38
cellosaurus:CVCL_1267	HCC38
cellosaurus:CVCL_1267	HCC38
cellosaurus:CVCL_1267	HCC38
cellosaurus:CVCL_1267	HCC38
cellosaurus:CVCL_1267	HCC38
cellosaurus:CVCL_1267	HCC38
cellosaurus:CVCL_1267	HCC38
cellosaurus:CVCL_1267	HCC38
cellosaurus:CVCL_1267	HCC38
cellosaurus:CVCL_1267	HCC38
cellosaurus:CVCL_1267	HCC38
cellosaurus:CVCL_1267	HCC38
cellosaurus:CVCL_1267	HCC38
cellosaurus:CVCL_1268	HCC38 BL
cellosaurus:CVCL_2060	HCC44
cellosaurus:CVCL_2060	HCC44
cellosaurus:CVCL_2060	HCC44
cellosaurus:CVCL_5135	HCC461
cellosaurus:CVCL_5135	HCC461
cellosaurus:CVCL_5136	HCC515
cellosaurus:CVCL_1270	HCC70
cellosaurus:CVCL_1270	HCC70
cellosaurus:CVCL_1270	HCC70
cellosaurus:CVCL_1270	HCC70
cellosaurus:CVCL_1270	HCC70
cellosaurus:CVCL_1270	HCC70
cellosaurus:CVCL_1270	HCC70
cellosaurus:CVCL_1270	HCC70
cellosaurus:CVCL_1270	HCC70
cellosaurus:CVCL_3378	HCC712
cellosaurus:CVCL_3378	HCC712
cellosaurus:CVCL_5137	HCC95
cellosaurus:CVCL_5137	HCC95
cellosaurus:CVCL_5137	HCC95
cellosaurus:CVCL_1271	HCE-4
cellosaurus:CVCL_5138	HCE-7
cellosaurus:CVCL_1273	HD-MY-Z
cellosaurus:CVCL_1273	HD-MY-Z
cellosaurus:CVCL_1273	HD-MY-Z
cellosaurus:CVCL_2067	HDQ-P1
cellosaurus:CVCL_2067	HDQ-P1
cellosaurus:CVCL_2923	HEC-108
cellosaurus:CVCL_2925	HEC-151
cellosaurus:CVCL_2927	HEC-251
cellosaurus:CVCL_2928	HEC-265
cellosaurus:CVCL_2930	HEC-59
cellosaurus:CVCL_2931	HEC-6
cellosaurus:CVCL_C827	HGC-25
cellosaurus:CVCL_1280	HH [Human lymphoma]
cellosaurus:CVCL_1280	HH [Human lymphoma]
cellosaurus:CVCL_1280	HH [Human lymphoma]
cellosaurus:CVCL_DF85	HH-B2
cellosaurus:CVCL_2255	HLF-a
cellosaurus:CVCL_2949	HMC-1-8
cellosaurus:CVCL_3317	HMCB
cellosaurus:CVCL_3317	HMCB
cellosaurus:CVCL_3317	HMCB
cellosaurus:CVCL_3317	HMCB
cellosaurus:CVCL_1282	HMV-II
cellosaurus:CVCL_1283	HN
cellosaurus:CVCL_1284	HO-1-N-1
cellosaurus:CVCL_2784	HO-1-u-1
cellosaurus:CVCL_2784	HO-1-u-1
cellosaurus:CVCL_W086	HO275
cellosaurus:CVCL_1285	HOP-62
cellosaurus:CVCL_1285	HOP-62
cellosaurus:CVCL_1285	HOP-62
cellosaurus:CVCL_1285	HOP-62
cellosaurus:CVCL_1285	HOP-62
cellosaurus:CVCL_1285	HOP-62
cellosaurus:CVCL_1285	HOP-62
cellosaurus:CVCL_1285	HOP-62
cellosaurus:CVCL_1285	HOP-62
cellosaurus:CVCL_1286	HOP-92
cellosaurus:CVCL_1286	HOP-92
cellosaurus:CVCL_1286	HOP-92
cellosaurus:CVCL_1286	HOP-92
cellosaurus:CVCL_1286	HOP-92
cellosaurus:CVCL_1286	HOP-92
cellosaurus:CVCL_1286	HOP-92
cellosaurus:CVCL_1286	HOP-92
cellosaurus:CVCL_1286	HOP-92
cellosaurus:CVCL_1286	HOP-92
cellosaurus:CVCL_0660	Hs 172.T
cellosaurus:CVCL_0697	Hs 228.T
cellosaurus:CVCL_0698	Hs 229.T
cellosaurus:CVCL_0711	Hs 274.T
cellosaurus:CVCL_0715	Hs 281.T
cellosaurus:CVCL_0331	Hs 294T
cellosaurus:CVCL_0726	Hs 343.T
cellosaurus:CVCL_0758	Hs 417.Lu
cellosaurus:CVCL_0802	Hs 571.T
cellosaurus:CVCL_0804	Hs 573.T
cellosaurus:CVCL_0814	Hs 600.T
cellosaurus:CVCL_0814	Hs 600.T
cellosaurus:CVCL_0816	Hs 604.T
cellosaurus:CVCL_0819	Hs 606.T
cellosaurus:CVCL_0823	Hs 611.T
cellosaurus:CVCL_0825	Hs 616.T
cellosaurus:CVCL_0827	Hs 618.T
cellosaurus:CVCL_0836	Hs 675.T
cellosaurus:CVCL_0844	Hs 683
cellosaurus:CVCL_0844	Hs 683
cellosaurus:CVCL_0846	Hs 688(A).T
cellosaurus:CVCL_0851	Hs 695T
cellosaurus:CVCL_0855	Hs 698.T
cellosaurus:CVCL_0858	Hs 700T
cellosaurus:CVCL_0863	Hs 706.T
cellosaurus:CVCL_0864	Hs 707(A).T
cellosaurus:CVCL_0871	Hs 729.T
cellosaurus:CVCL_0878	Hs 737.T
cellosaurus:CVCL_0878	Hs 737.T
cellosaurus:CVCL_0882	Hs 739.T
cellosaurus:CVCL_0888	Hs 742.T
cellosaurus:CVCL_0333	Hs 746.T
cellosaurus:CVCL_0333	Hs 746.T
cellosaurus:CVCL_0333	Hs 746.T
cellosaurus:CVCL_0333	Hs 746.T
cellosaurus:CVCL_0333	Hs 746.T
cellosaurus:CVCL_0333	Hs 746.T
cellosaurus:CVCL_0333	Hs 746.T
cellosaurus:CVCL_0333	Hs 746.T
cellosaurus:CVCL_0333	Hs 746.T
cellosaurus:CVCL_0891	Hs 751.T
cellosaurus:CVCL_0891	Hs 751.T
cellosaurus:CVCL_0334	Hs 766T
cellosaurus:CVCL_0334	Hs 766T
cellosaurus:CVCL_0903	Hs 781.T
cellosaurus:CVCL_0928	Hs 819.T
cellosaurus:CVCL_0932	Hs 821.T
cellosaurus:CVCL_0933	Hs 822.T
cellosaurus:CVCL_0938	Hs 834.T
cellosaurus:CVCL_0941	Hs 839.T
cellosaurus:CVCL_0941	Hs 839.T
cellosaurus:CVCL_0942	Hs 840.T
cellosaurus:CVCL_0950	Hs 852.T
cellosaurus:CVCL_0950	Hs 852.T
cellosaurus:CVCL_0959	Hs 863.T
cellosaurus:CVCL_0966	Hs 870.T
cellosaurus:CVCL_0979	Hs 888.T
cellosaurus:CVCL_0985	Hs 891.T
cellosaurus:CVCL_0993	Hs 895.T
cellosaurus:CVCL_0993	Hs 895.T
cellosaurus:CVCL_1009	Hs 908.T
cellosaurus:CVCL_1031	Hs 934.T
cellosaurus:CVCL_1036	Hs 939.T
cellosaurus:CVCL_1038	Hs 940.T
cellosaurus:CVCL_1040	Hs 944.T
cellosaurus:CVCL_8719	HS-SY-2
cellosaurus:CVCL_1287	HSC-2
cellosaurus:CVCL_1287	HSC-2
cellosaurus:CVCL_1287	HSC-2
cellosaurus:CVCL_1287	HSC-2
cellosaurus:CVCL_1289	HSC-4
cellosaurus:CVCL_1289	HSC-4
cellosaurus:CVCL_1289	HSC-4
cellosaurus:CVCL_7674	HSQ-89
cellosaurus:CVCL_DI58	HSR-GBM1B
cellosaurus:CVCL_1291	HT-1197
cellosaurus:CVCL_1291	HT-1197
cellosaurus:CVCL_1291	HT-1197
cellosaurus:CVCL_1291	HT-1197
cellosaurus:CVCL_1291	HT-1197
cellosaurus:CVCL_0318	HT-144
cellosaurus:CVCL_0318	HT-144
cellosaurus:CVCL_1293	HT-3
cellosaurus:CVCL_1293	HT-3
cellosaurus:CVCL_1293	HT-3
cellosaurus:CVCL_1294	HT-55
cellosaurus:CVCL_1294	HT-55
cellosaurus:CVCL_3524	HT-728.T
cellosaurus:CVCL_2520	HT115
cellosaurus:CVCL_2520	HT115
cellosaurus:CVCL_2956	HuH-1
cellosaurus:CVCL_2956	HuH-1
cellosaurus:CVCL_2955	HuH-28
cellosaurus:CVCL_1300	HuP-T4
cellosaurus:CVCL_1300	HuP-T4
cellosaurus:CVCL_1300	HuP-T4
cellosaurus:CVCL_1300	HuP-T4
cellosaurus:CVCL_1302	IA-LM
cellosaurus:CVCL_G209	IBEP-1
cellosaurus:CVCL_2075	IGR-37
cellosaurus:CVCL_2075	IGR-37
cellosaurus:CVCL_DF87	INT.Ov2
cellosaurus:CVCL_9989	IOR/OS10
cellosaurus:CVCL_9990	IOR/OS14
cellosaurus:CVCL_9991	IOR/OS15
cellosaurus:CVCL_9993	IOR/OS18
cellosaurus:CVCL_9988	IOR/OS9
cellosaurus:CVCL_9995	IOR/SARG
cellosaurus:CVCL_1307	IPC-298
cellosaurus:CVCL_AW96	IRM2
cellosaurus:CVCL_F645	ISt-1
cellosaurus:CVCL_1312	IST-Mes2
cellosaurus:CVCL_W874	JA
cellosaurus:CVCL_A593	JAMA-2
cellosaurus:CVCL_H633	JB6 [Human anaplastic large cell lymphoma]
cellosaurus:CVCL_2785	JHH-1
cellosaurus:CVCL_2785	JHH-1
cellosaurus:CVCL_2786	JHH-2
cellosaurus:CVCL_2786	JHH-2
cellosaurus:CVCL_2788	JHH-6
cellosaurus:CVCL_2788	JHH-6
cellosaurus:CVCL_2805	JHH-7
cellosaurus:CVCL_4640	JHOC-5
cellosaurus:CVCL_4640	JHOC-5
cellosaurus:CVCL_4641	JHOC-7
cellosaurus:CVCL_4643	JHOC-9
cellosaurus:CVCL_4644	JHOM-1
cellosaurus:CVCL_4645	JHOM-2B
cellosaurus:CVCL_4647	JHOS-2
cellosaurus:CVCL_4649	JHOS-4
cellosaurus:CVCL_4655	JHUEM-1
cellosaurus:CVCL_4656	JHUEM-2
cellosaurus:CVCL_4657	JHUEM-3
cellosaurus:CVCL_4658	JHUEM-7
cellosaurus:CVCL_2077	JIMT-1
cellosaurus:CVCL_2077	JIMT-1
cellosaurus:CVCL_2077	JIMT-1
cellosaurus:CVCL_2077	JIMT-1
cellosaurus:CVCL_2079	JK-1
cellosaurus:CVCL_2080	JL-1
cellosaurus:CVCL_3532	JM-1
cellosaurus:CVCL_3532	JM-1
cellosaurus:CVCL_3532	JM-1
cellosaurus:CVCL_2081	JMSU-1
cellosaurus:CVCL_M891	JON
cellosaurus:CVCL_3728	JSC-1
cellosaurus:CVCL_3728	JSC-1
cellosaurus:CVCL_3728	JSC-1
cellosaurus:CVCL_3728	JSC-1
cellosaurus:CVCL_2536	JU77
cellosaurus:CVCL_2086	JURL-MK1
cellosaurus:CVCL_1319	JVM-2
cellosaurus:CVCL_1319	JVM-2
cellosaurus:CVCL_1319	JVM-2
cellosaurus:CVCL_1320	JVM-3
cellosaurus:CVCL_1320	JVM-3
cellosaurus:CVCL_1320	JVM-3
cellosaurus:CVCL_1320	JVM-3
cellosaurus:CVCL_5142	K008
cellosaurus:CVCL_1323	KALS-1
cellosaurus:CVCL_1821	Karpas-1106P
cellosaurus:CVCL_1821	Karpas-1106P
cellosaurus:CVCL_1821	Karpas-1106P
cellosaurus:CVCL_1821	Karpas-1106P
cellosaurus:CVCL_2539	Karpas-1718
cellosaurus:CVCL_2539	Karpas-1718
cellosaurus:CVCL_1822	Karpas-231
cellosaurus:CVCL_9553	Karpas-353
cellosaurus:CVCL_1325	Karpas-422
cellosaurus:CVCL_1325	Karpas-422
cellosaurus:CVCL_1325	Karpas-422
cellosaurus:CVCL_1325	Karpas-422
cellosaurus:CVCL_1325	Karpas-422
cellosaurus:CVCL_1325	Karpas-422
cellosaurus:CVCL_1823	Karpas-620
cellosaurus:CVCL_0590	Kasumi-2
cellosaurus:CVCL_0590	Kasumi-2
cellosaurus:CVCL_0590	Kasumi-2
cellosaurus:CVCL_0614	Kasumi-6
cellosaurus:CVCL_X904	KC12
cellosaurus:CVCL_3385	KE-39
cellosaurus:CVCL_3386	KE-97
cellosaurus:CVCL_2092	Kelly
cellosaurus:CVCL_2092	Kelly
cellosaurus:CVCL_2092	Kelly
cellosaurus:CVCL_2092	Kelly
cellosaurus:CVCL_2971	KG-1-C
cellosaurus:CVCL_2971	KG-1-C
cellosaurus:CVCL_2971	KG-1-C
cellosaurus:CVCL_2973	KHM-10B
cellosaurus:CVCL_2972	KHM-1B
cellosaurus:CVCL_2974	KHM-3S
cellosaurus:CVCL_2093	Ki-JK
cellosaurus:CVCL_1329	KLE
cellosaurus:CVCL_1329	KLE
cellosaurus:CVCL_1329	KLE
cellosaurus:CVCL_1329	KLE
cellosaurus:CVCL_1329	KLE
cellosaurus:CVCL_1330	KM-H2
cellosaurus:CVCL_1330	KM-H2
cellosaurus:CVCL_1330	KM-H2
cellosaurus:CVCL_1330	KM-H2
cellosaurus:CVCL_2977	KMBC-2
cellosaurus:CVCL_S641	KMH-2
cellosaurus:CVCL_2981	KMM-1
cellosaurus:CVCL_2983	KMRC-1
cellosaurus:CVCL_2983	KMRC-1
cellosaurus:CVCL_2984	KMRC-2
cellosaurus:CVCL_2984	KMRC-2
cellosaurus:CVCL_2986	KMRC-20
cellosaurus:CVCL_2986	KMRC-20
cellosaurus:CVCL_2985	KMRC-3
cellosaurus:CVCL_1334	KMS-12-BM
cellosaurus:CVCL_1333	KMS-12-PE
cellosaurus:CVCL_2990	KMS-20
cellosaurus:CVCL_2991	KMS-21-BM
cellosaurus:CVCL_2992	KMS-26
cellosaurus:CVCL_2993	KMS-27
cellosaurus:CVCL_2994	KMS-28BM
cellosaurus:CVCL_2995	KMS-28PE
cellosaurus:CVCL_0378	KNS-42
cellosaurus:CVCL_0378	KNS-42
cellosaurus:CVCL_0378	KNS-42
cellosaurus:CVCL_2798	KNS-60
cellosaurus:CVCL_1335	KNS-62
cellosaurus:CVCL_1321	KO52
cellosaurus:CVCL_1321	KO52
cellosaurus:CVCL_3001	KON
cellosaurus:CVCL_1866	KOPN-8
cellosaurus:CVCL_1337	KOSC-2
cellosaurus:CVCL_5147	KP-PN-TTBm2
cellosaurus:CVCL_B412	KPD
cellosaurus:CVCL_5310	KPL-4
cellosaurus:CVCL_1343	KS-1 [Human glioblastoma]
cellosaurus:CVCL_D284	KS-1 [Human Krukenberg tumour]
cellosaurus:CVCL_1344	KU-19-19
cellosaurus:CVCL_5213	KU-19-20
cellosaurus:CVCL_1345	Kuramochi
cellosaurus:CVCL_1345	Kuramochi
cellosaurus:CVCL_1345	Kuramochi
cellosaurus:CVCL_1347	KYSE-140
cellosaurus:CVCL_1347	KYSE-140
cellosaurus:CVCL_1348	KYSE-150
cellosaurus:CVCL_1348	KYSE-150
cellosaurus:CVCL_1348	KYSE-150
cellosaurus:CVCL_1349	KYSE-180
cellosaurus:CVCL_1349	KYSE-180
cellosaurus:CVCL_1359	KYSE-220
cellosaurus:CVCL_1350	KYSE-270
cellosaurus:CVCL_1350	KYSE-270
cellosaurus:CVCL_1351	KYSE-30
cellosaurus:CVCL_1351	KYSE-30
cellosaurus:CVCL_1351	KYSE-30
cellosaurus:CVCL_1351	KYSE-30
cellosaurus:CVCL_1352	KYSE-410
cellosaurus:CVCL_1352	KYSE-410
cellosaurus:CVCL_1353	KYSE-450
cellosaurus:CVCL_1353	KYSE-450
cellosaurus:CVCL_1360	KYSE-50
cellosaurus:CVCL_1354	KYSE-510
cellosaurus:CVCL_1354	KYSE-510
cellosaurus:CVCL_1355	KYSE-520
cellosaurus:CVCL_1355	KYSE-520
cellosaurus:CVCL_1356	KYSE-70
cellosaurus:CVCL_1356	KYSE-70
cellosaurus:CVCL_2096	L-1236
cellosaurus:CVCL_2096	L-1236
cellosaurus:CVCL_2096	L-1236
cellosaurus:CVCL_1357	L-363
cellosaurus:CVCL_1362	L-540
cellosaurus:CVCL_1362	L-540
cellosaurus:CVCL_1362	L-540
cellosaurus:CVCL_2098	L-82
cellosaurus:CVCL_2098	L-82
cellosaurus:CVCL_L297	L-STS
cellosaurus:CVCL_DF84	L56Br-C1
cellosaurus:CVCL_1829	LA-N-2
cellosaurus:CVCL_1829	LA-N-2
cellosaurus:CVCL_0389	LA-N-5
cellosaurus:CVCL_0389	LA-N-5
cellosaurus:CVCL_UE17	LASCPC-01
cellosaurus:CVCL_DI17	LAU-Me235
cellosaurus:CVCL_DI18	LAU-Me246.M1
cellosaurus:CVCL_DI18	LAU-Me246.M1
cellosaurus:CVCL_DI24	LAU-Me246.M1-LCL
cellosaurus:CVCL_S597	LAU-Me275
cellosaurus:CVCL_S597	LAU-Me275
cellosaurus:CVCL_S597	LAU-Me275
cellosaurus:CVCL_S597	LAU-Me275
cellosaurus:CVCL_S597	LAU-Me275
cellosaurus:CVCL_DI20	LAU-Me280.R.LN
cellosaurus:CVCL_DI20	LAU-Me280.R.LN
cellosaurus:CVCL_DI25	LAU-Me280.R.LN-LCL
cellosaurus:CVCL_DI21	LAU-T149D
cellosaurus:CVCL_DI21	LAU-T149D
cellosaurus:CVCL_DI22	LAU-T50B
cellosaurus:CVCL_DI22	LAU-T50B
cellosaurus:CVCL_DI22	LAU-T50B
cellosaurus:CVCL_DI23	LAU-T618A
cellosaurus:CVCL_DI23	LAU-T618A
cellosaurus:CVCL_1374	LC4-1
cellosaurus:CVCL_1375	LCLC-103H
cellosaurus:CVCL_1375	LCLC-103H
cellosaurus:CVCL_1375	LCLC-103H
cellosaurus:CVCL_1375	LCLC-103H
cellosaurus:CVCL_1376	LCLC-97TM1
cellosaurus:CVCL_1376	LCLC-97TM1
cellosaurus:CVCL_1376	LCLC-97TM1
cellosaurus:CVCL_DG01	LIM2045
cellosaurus:CVCL_M821	LiSa-2
cellosaurus:CVCL_1377	LK-2
cellosaurus:CVCL_1377	LK-2
cellosaurus:CVCL_1377	LK-2
cellosaurus:CVCL_W131	LK1
cellosaurus:CVCL_W132	LK2
cellosaurus:CVCL_5I00	LMS05
cellosaurus:CVCL_4849	LMSU
cellosaurus:CVCL_0392	LN-18
cellosaurus:CVCL_0392	LN-18
cellosaurus:CVCL_1378	LN-405
cellosaurus:CVCL_2581	LO68
cellosaurus:CVCL_F001	LoKe
cellosaurus:CVCL_2104	LOU-NH91
cellosaurus:CVCL_2104	LOU-NH91
cellosaurus:CVCL_2104	LOU-NH91
cellosaurus:CVCL_1380	Loucy
cellosaurus:CVCL_1380	Loucy
cellosaurus:CVCL_1381	LOX-IMVI
cellosaurus:CVCL_1381	LOX-IMVI
cellosaurus:CVCL_1381	LOX-IMVI
cellosaurus:CVCL_1381	LOX-IMVI
cellosaurus:CVCL_1381	LOX-IMVI
cellosaurus:CVCL_1381	LOX-IMVI
cellosaurus:CVCL_1381	LOX-IMVI
cellosaurus:CVCL_1381	LOX-IMVI
cellosaurus:CVCL_1381	LOX-IMVI
cellosaurus:CVCL_0012	LP-1
cellosaurus:CVCL_M823	LPS141
cellosaurus:CVCL_M823	LPS141
cellosaurus:CVCL_1382	LS1034
cellosaurus:CVCL_1382	LS1034
cellosaurus:CVCL_1382	LS1034
cellosaurus:CVCL_1382	LS1034
cellosaurus:CVCL_1382	LS1034
cellosaurus:CVCL_1382	LS1034
cellosaurus:CVCL_1382	LS1034
cellosaurus:CVCL_1383	LS123
cellosaurus:CVCL_1383	LS123
cellosaurus:CVCL_1383	LS123
cellosaurus:CVCL_DH87	LS14
cellosaurus:CVCL_1385	LS411N
cellosaurus:CVCL_1385	LS411N
cellosaurus:CVCL_1385	LS411N
cellosaurus:CVCL_1388	Lu-134-B
cellosaurus:CVCL_2582	LUDLU-1
cellosaurus:CVCL_2582	LUDLU-1
cellosaurus:CVCL_1394	LXF 289
cellosaurus:CVCL_1394	LXF 289
cellosaurus:CVCL_1394	LXF 289
cellosaurus:CVCL_1394	LXF 289
cellosaurus:CVCL_S807	M000907
cellosaurus:CVCL_S808	M000921
cellosaurus:CVCL_0400	M059J
cellosaurus:CVCL_0401	M059K
cellosaurus:CVCL_S680	M34
cellosaurus:CVCL_V744	M40
cellosaurus:CVCL_D035	M88
cellosaurus:CVCL_DI46	M950322
cellosaurus:CVCL_DI47	M950504
cellosaurus:CVCL_DI48	M961121
cellosaurus:CVCL_DI43	M970109
cellosaurus:CVCL_DI44	M970131
cellosaurus:CVCL_DI45	M970805
cellosaurus:CVCL_S678	M990802
cellosaurus:CVCL_A116	Ma-Mel-02
cellosaurus:CVCL_A118	Ma-Mel-05
cellosaurus:CVCL_A119	Ma-Mel-06
cellosaurus:CVCL_A121	Ma-Mel-08a
cellosaurus:CVCL_A123	Ma-Mel-10
cellosaurus:CVCL_A124	Ma-Mel-100a
cellosaurus:CVCL_A125	Ma-Mel-101
cellosaurus:CVCL_A127	Ma-Mel-103a
cellosaurus:CVCL_A131	Ma-Mel-107
cellosaurus:CVCL_A133	Ma-Mel-11
cellosaurus:CVCL_A134	Ma-Mel-110
cellosaurus:CVCL_A136	Ma-Mel-113
cellosaurus:CVCL_A137	Ma-Mel-114
cellosaurus:CVCL_A138	Ma-Mel-119
cellosaurus:CVCL_A139	Ma-Mel-12
cellosaurus:CVCL_A144	Ma-Mel-126
cellosaurus:CVCL_A145	Ma-Mel-128a
cellosaurus:CVCL_A146	Ma-Mel-13
cellosaurus:CVCL_A147	Ma-Mel-130
cellosaurus:CVCL_A148	Ma-Mel-134
cellosaurus:CVCL_A149	Ma-Mel-136
cellosaurus:CVCL_A152	Ma-Mel-150a
cellosaurus:CVCL_A155	Ma-Mel-17
cellosaurus:CVCL_A156	Ma-Mel-19
cellosaurus:CVCL_A158	Ma-Mel-21
cellosaurus:CVCL_A160	Ma-Mel-23
cellosaurus:CVCL_A162	Ma-Mel-26a
cellosaurus:CVCL_A163	Ma-Mel-27
cellosaurus:CVCL_A165	Ma-Mel-30
cellosaurus:CVCL_A167	Ma-Mel-32
cellosaurus:CVCL_A170	Ma-Mel-35
cellosaurus:CVCL_A171	Ma-Mel-36
cellosaurus:CVCL_A171	Ma-Mel-36
cellosaurus:CVCL_A171	Ma-Mel-36
cellosaurus:CVCL_A171	Ma-Mel-36
cellosaurus:CVCL_A172	Ma-Mel-37a
cellosaurus:CVCL_A174	Ma-Mel-38
cellosaurus:CVCL_A175	Ma-Mel-39a
cellosaurus:CVCL_A176	Ma-Mel-40
cellosaurus:CVCL_A180	Ma-Mel-45a
cellosaurus:CVCL_A183	Ma-Mel-48a
cellosaurus:CVCL_N786	Ma-Mel-48b
cellosaurus:CVCL_N787	Ma-Mel-48c
cellosaurus:CVCL_A186	Ma-Mel-51
cellosaurus:CVCL_A188	Ma-Mel-53
cellosaurus:CVCL_A189	Ma-Mel-54a
cellosaurus:CVCL_C288	Ma-Mel-54b
cellosaurus:CVCL_A192	Ma-Mel-57
cellosaurus:CVCL_A193	Ma-Mel-58
cellosaurus:CVCL_A194	Ma-Mel-59a
cellosaurus:CVCL_A195	Ma-Mel-60
cellosaurus:CVCL_C291	Ma-Mel-61a
cellosaurus:CVCL_C291	Ma-Mel-61a
cellosaurus:CVCL_C292	Ma-Mel-61b
cellosaurus:CVCL_S666	Ma-Mel-61c
cellosaurus:CVCL_S667	Ma-Mel-61e
cellosaurus:CVCL_S669	Ma-Mel-61g
cellosaurus:CVCL_S670	Ma-Mel-61h
cellosaurus:CVCL_A197	Ma-Mel-62
cellosaurus:CVCL_A198	Ma-Mel-63a
cellosaurus:CVCL_A201	Ma-Mel-66a
cellosaurus:CVCL_A203	Ma-Mel-67
cellosaurus:CVCL_A205	Ma-Mel-69
cellosaurus:CVCL_A207	Ma-Mel-71
cellosaurus:CVCL_A208	Ma-Mel-73a
cellosaurus:CVCL_A211	Ma-Mel-75
cellosaurus:CVCL_A212	Ma-Mel-76
cellosaurus:CVCL_A214	Ma-Mel-79b
cellosaurus:CVCL_A215	Ma-Mel-80a
cellosaurus:CVCL_A220	Ma-Mel-85
cellosaurus:CVCL_A221	Ma-Mel-86a
cellosaurus:CVCL_A221	Ma-Mel-86a
cellosaurus:CVCL_A222	Ma-Mel-86b
cellosaurus:CVCL_A228	Ma-Mel-94
cellosaurus:CVCL_A229	Ma-Mel-95
cellosaurus:CVCL_A232	Ma-Mel-99
cellosaurus:CVCL_C505	Ma-Mel-KNUD
cellosaurus:CVCL_H631	Mac-1
cellosaurus:CVCL_1438	Malme-3M
cellosaurus:CVCL_1438	Malme-3M
cellosaurus:CVCL_1438	Malme-3M
cellosaurus:CVCL_1438	Malme-3M
cellosaurus:CVCL_1438	Malme-3M
cellosaurus:CVCL_1438	Malme-3M
cellosaurus:CVCL_1438	Malme-3M
cellosaurus:CVCL_1438	Malme-3M
cellosaurus:CVCL_1438	Malme-3M
cellosaurus:CVCL_1438	Malme-3M
cellosaurus:CVCL_1438	Malme-3M
cellosaurus:CVCL_1438	Malme-3M
cellosaurus:CVCL_1438	Malme-3M
cellosaurus:CVCL_1438	Malme-3M
cellosaurus:CVCL_0A72	MB-9812
cellosaurus:CVCL_1399	MC116
cellosaurus:CVCL_1399	MC116
cellosaurus:CVCL_1399	MC116
cellosaurus:CVCL_D709	MD901
cellosaurus:CVCL_D710	MD903
cellosaurus:CVCL_0617	MDA-MB-134-VI
cellosaurus:CVCL_0617	MDA-MB-134-VI
cellosaurus:CVCL_0617	MDA-MB-134-VI
cellosaurus:CVCL_0617	MDA-MB-134-VI
cellosaurus:CVCL_0617	MDA-MB-134-VI
cellosaurus:CVCL_0617	MDA-MB-134-VI
cellosaurus:CVCL_0617	MDA-MB-134-VI
cellosaurus:CVCL_0617	MDA-MB-134-VI
cellosaurus:CVCL_0618	MDA-MB-157
cellosaurus:CVCL_0618	MDA-MB-157
cellosaurus:CVCL_0618	MDA-MB-157
cellosaurus:CVCL_0618	MDA-MB-157
cellosaurus:CVCL_0618	MDA-MB-157
cellosaurus:CVCL_0618	MDA-MB-157
cellosaurus:CVCL_0618	MDA-MB-157
cellosaurus:CVCL_0618	MDA-MB-157
cellosaurus:CVCL_0618	MDA-MB-157
cellosaurus:CVCL_0618	MDA-MB-157
cellosaurus:CVCL_1400	MDA-MB-175-VII
cellosaurus:CVCL_1400	MDA-MB-175-VII
cellosaurus:CVCL_1400	MDA-MB-175-VII
cellosaurus:CVCL_1400	MDA-MB-175-VII
cellosaurus:CVCL_1400	MDA-MB-175-VII
cellosaurus:CVCL_1400	MDA-MB-175-VII
cellosaurus:CVCL_1400	MDA-MB-175-VII
cellosaurus:CVCL_1400	MDA-MB-175-VII
cellosaurus:CVCL_1400	MDA-MB-175-VII
cellosaurus:CVCL_1400	MDA-MB-175-VII
cellosaurus:CVCL_0619	MDA-MB-330
cellosaurus:CVCL_0621	MDA-MB-415
cellosaurus:CVCL_0621	MDA-MB-415
cellosaurus:CVCL_0621	MDA-MB-415
cellosaurus:CVCL_0621	MDA-MB-415
cellosaurus:CVCL_0621	MDA-MB-415
cellosaurus:CVCL_0621	MDA-MB-415
cellosaurus:CVCL_0621	MDA-MB-415
cellosaurus:CVCL_0621	MDA-MB-415
cellosaurus:CVCL_0621	MDA-MB-415
cellosaurus:CVCL_0621	MDA-MB-415
cellosaurus:CVCL_0621	MDA-MB-415
cellosaurus:CVCL_4747	MDA-PCa-2a
cellosaurus:CVCL_2588	MDST8
cellosaurus:CVCL_2588	MDST8
cellosaurus:CVCL_1870	MEC-1
cellosaurus:CVCL_1870	MEC-1
cellosaurus:CVCL_1870	MEC-1
cellosaurus:CVCL_1871	MEC-2
cellosaurus:CVCL_M137	MED-MEB-8A
cellosaurus:CVCL_A649	MedB-1
cellosaurus:CVCL_A649	MedB-1
cellosaurus:CVCL_1403	Mel JuSo
cellosaurus:CVCL_C501	Mel-LE
cellosaurus:CVCL_C503	Mel-SOE
cellosaurus:CVCL_DG36	MEL1
cellosaurus:CVCL_C301	Mel202
cellosaurus:CVCL_H668	Meso-10
cellosaurus:CVCL_H669	Meso-9
cellosaurus:CVCL_H677	Meso37
cellosaurus:CVCL_H681	Meso56
cellosaurus:CVCL_JY36	MFD-1
cellosaurus:CVCL_JY36	MFD-1
cellosaurus:CVCL_1405	MFE-280
cellosaurus:CVCL_1405	MFE-280
cellosaurus:CVCL_1405	MFE-280
cellosaurus:CVCL_1406	MFE-296
cellosaurus:CVCL_1406	MFE-296
cellosaurus:CVCL_1406	MFE-296
cellosaurus:CVCL_2112	MFE-319
cellosaurus:CVCL_2112	MFE-319
cellosaurus:CVCL_2112	MFE-319
cellosaurus:CVCL_1408	MFM-223
cellosaurus:CVCL_1408	MFM-223
cellosaurus:CVCL_1408	MFM-223
cellosaurus:CVCL_1408	MFM-223
cellosaurus:CVCL_W085	MH [Human mesothelioma]
cellosaurus:CVCL_1409	MHH-CALL-2
cellosaurus:CVCL_0089	MHH-CALL-3
cellosaurus:CVCL_1410	MHH-CALL-4
cellosaurus:CVCL_1411	MHH-ES-1
cellosaurus:CVCL_7988	MHH-MED-1
cellosaurus:CVCL_1412	MHH-NB-11
cellosaurus:CVCL_1413	MHH-PREB-1
cellosaurus:CVCL_1413	MHH-PREB-1
cellosaurus:CVCL_B426	MHM
cellosaurus:CVCL_1872	Mino
cellosaurus:CVCL_1872	Mino
cellosaurus:CVCL_1414	MJ
cellosaurus:CVCL_1414	MJ
cellosaurus:CVCL_1414	MJ
cellosaurus:CVCL_1418	ML-2
cellosaurus:CVCL_1418	ML-2
cellosaurus:CVCL_1418	ML-2
cellosaurus:CVCL_1419	MLMA
cellosaurus:CVCL_2601	MM127
cellosaurus:CVCL_C836	MM200
cellosaurus:CVCL_C837	MM229
cellosaurus:CVCL_L791	MM26
cellosaurus:CVCL_L791	MM26
cellosaurus:CVCL_DH59	MM266
cellosaurus:CVCL_C838	MM329
cellosaurus:CVCL_C839	MM369
cellosaurus:CVCL_2605	MM370
cellosaurus:CVCL_C840	MM384
cellosaurus:CVCL_2607	MM386
cellosaurus:CVCL_C841	MM396
cellosaurus:CVCL_C842	MM409
cellosaurus:CVCL_2608	MM415
cellosaurus:CVCL_2609	MM426
cellosaurus:CVCL_4449	MM466
cellosaurus:CVCL_C845	MM472
cellosaurus:CVCL_4450	MM473
cellosaurus:CVCL_2610	MM485
cellosaurus:CVCL_C846	MM488
cellosaurus:CVCL_4451	MM537
cellosaurus:CVCL_C847	MM540
cellosaurus:CVCL_C848	MM548
cellosaurus:CVCL_4452	MM595
cellosaurus:CVCL_2612	MM603
cellosaurus:CVCL_DG38	MM604
cellosaurus:CVCL_C850	MM622
cellosaurus:CVCL_C851	MM628
cellosaurus:CVCL_DH58	MM636
cellosaurus:CVCL_C852	MM647
cellosaurus:CVCL_A777	MM648
cellosaurus:CVCL_A776	MM649
cellosaurus:CVCL_2613	MOG-G-CCM
cellosaurus:CVCL_2613	MOG-G-CCM
cellosaurus:CVCL_2614	MOG-G-UVW
cellosaurus:CVCL_2614	MOG-G-UVW
cellosaurus:CVCL_2120	MOLM-16
cellosaurus:CVCL_2122	MOLM-6
cellosaurus:CVCL_2124	MOLP-8
cellosaurus:CVCL_1422	MOLT-13
cellosaurus:CVCL_1423	MOLT-14
cellosaurus:CVCL_1424	MOLT-16
cellosaurus:CVCL_1424	MOLT-16
cellosaurus:CVCL_1424	MOLT-16
cellosaurus:CVCL_1425	Mono-Mac-1
cellosaurus:CVCL_1425	Mono-Mac-1
cellosaurus:CVCL_1426	Mono-Mac-6
cellosaurus:CVCL_2127	MOTN-1
cellosaurus:CVCL_1427	MPP 89
cellosaurus:CVCL_1428	MRK-nu-1
cellosaurus:CVCL_1429	MS-1 [Human lung carcinoma]
cellosaurus:CVCL_4996	MS751
cellosaurus:CVCL_4996	MS751
cellosaurus:CVCL_1430	MSTO-211H
cellosaurus:CVCL_1430	MSTO-211H
cellosaurus:CVCL_1430	MSTO-211H
cellosaurus:CVCL_M516	MT3
cellosaurus:CVCL_M516	MT3
cellosaurus:CVCL_1873	MUTZ-5
cellosaurus:CVCL_0064	MV4-11
cellosaurus:CVCL_0064	MV4-11
cellosaurus:CVCL_0064	MV4-11
cellosaurus:CVCL_0064	MV4-11
cellosaurus:CVCL_U799	MW
cellosaurus:CVCL_0091	NALM-1
cellosaurus:CVCL_0091	NALM-1
cellosaurus:CVCL_0091	NALM-1
cellosaurus:CVCL_1835	NALM-19
cellosaurus:CVCL_3041	NB(TU)1
cellosaurus:CVCL_1440	NB1
cellosaurus:CVCL_1440	NB1
cellosaurus:CVCL_1440	NB1
cellosaurus:CVCL_B323	NB16
cellosaurus:CVCL_B323	NB16
cellosaurus:CVCL_1448	NB69
cellosaurus:CVCL_1448	NB69
cellosaurus:CVCL_1448	NB69
cellosaurus:CVCL_3055	NCC-StC-K140
cellosaurus:CVCL_1875	NCEB-1
cellosaurus:CVCL_1453	NCI-H1048
cellosaurus:CVCL_1453	NCI-H1048
cellosaurus:CVCL_1453	NCI-H1048
cellosaurus:CVCL_1453	NCI-H1048
cellosaurus:CVCL_1453	NCI-H1048
cellosaurus:CVCL_1453	NCI-H1048
cellosaurus:CVCL_1454	NCI-H1092
cellosaurus:CVCL_1454	NCI-H1092
cellosaurus:CVCL_1454	NCI-H1092
cellosaurus:CVCL_1455	NCI-H1105
cellosaurus:CVCL_1456	NCI-H1155
cellosaurus:CVCL_1456	NCI-H1155
cellosaurus:CVCL_1456	NCI-H1155
cellosaurus:CVCL_1456	NCI-H1155
cellosaurus:CVCL_1456	NCI-H1155
cellosaurus:CVCL_1456	NCI-H1155
cellosaurus:CVCL_1457	NCI-H1173
cellosaurus:CVCL_1458	NCI-H1184
cellosaurus:CVCL_1460	NCI-H128
cellosaurus:CVCL_1463	NCI-H1341
cellosaurus:CVCL_1463	NCI-H1341
cellosaurus:CVCL_1464	NCI-H1355
cellosaurus:CVCL_1464	NCI-H1355
cellosaurus:CVCL_1464	NCI-H1355
cellosaurus:CVCL_1464	NCI-H1355
cellosaurus:CVCL_1464	NCI-H1355
cellosaurus:CVCL_1465	NCI-H1373
cellosaurus:CVCL_1466	NCI-H1385
cellosaurus:CVCL_1467	NCI-H1395
cellosaurus:CVCL_1467	NCI-H1395
cellosaurus:CVCL_1467	NCI-H1395
cellosaurus:CVCL_1467	NCI-H1395
cellosaurus:CVCL_1467	NCI-H1395
cellosaurus:CVCL_1467	NCI-H1395
cellosaurus:CVCL_1467	NCI-H1395
cellosaurus:CVCL_1467	NCI-H1395
cellosaurus:CVCL_1468	NCI-H1404
cellosaurus:CVCL_1468	NCI-H1404
cellosaurus:CVCL_1469	NCI-H1417
cellosaurus:CVCL_1469	NCI-H1417
cellosaurus:CVCL_1469	NCI-H1417
cellosaurus:CVCL_1470	NCI-H1435
cellosaurus:CVCL_1470	NCI-H1435
cellosaurus:CVCL_1471	NCI-H1436
cellosaurus:CVCL_1471	NCI-H1436
cellosaurus:CVCL_1471	NCI-H1436
cellosaurus:CVCL_1472	NCI-H1437
cellosaurus:CVCL_1472	NCI-H1437
cellosaurus:CVCL_1472	NCI-H1437
cellosaurus:CVCL_1472	NCI-H1437
cellosaurus:CVCL_1472	NCI-H1437
cellosaurus:CVCL_1472	NCI-H1437
cellosaurus:CVCL_1472	NCI-H1437
cellosaurus:CVCL_1472	NCI-H1437
cellosaurus:CVCL_1473	NCI-H146
cellosaurus:CVCL_1473	NCI-H146
cellosaurus:CVCL_1473	NCI-H146
cellosaurus:CVCL_1473	NCI-H146
cellosaurus:CVCL_1473	NCI-H146
cellosaurus:CVCL_1473	NCI-H146
cellosaurus:CVCL_1473	NCI-H146
cellosaurus:CVCL_1473	NCI-H146
cellosaurus:CVCL_1474	NCI-H1522
cellosaurus:CVCL_1475	NCI-H1563
cellosaurus:CVCL_1475	NCI-H1563
cellosaurus:CVCL_1475	NCI-H1563
cellosaurus:CVCL_1475	NCI-H1563
cellosaurus:CVCL_1475	NCI-H1563
cellosaurus:CVCL_1475	NCI-H1563
cellosaurus:CVCL_1476	NCI-H1568
cellosaurus:CVCL_1476	NCI-H1568
cellosaurus:CVCL_1476	NCI-H1568
cellosaurus:CVCL_1476	NCI-H1568
cellosaurus:CVCL_1476	NCI-H1568
cellosaurus:CVCL_1476	NCI-H1568
cellosaurus:CVCL_1478	NCI-H1573
cellosaurus:CVCL_1478	NCI-H1573
cellosaurus:CVCL_1478	NCI-H1573
cellosaurus:CVCL_1478	NCI-H1573
cellosaurus:CVCL_1479	NCI-H1581
cellosaurus:CVCL_1479	NCI-H1581
cellosaurus:CVCL_1479	NCI-H1581
cellosaurus:CVCL_1479	NCI-H1581
cellosaurus:CVCL_1480	NCI-H1618
cellosaurus:CVCL_1480	NCI-H1618
cellosaurus:CVCL_1480	NCI-H1618
cellosaurus:CVCL_1481	NCI-H1623
cellosaurus:CVCL_1481	NCI-H1623
cellosaurus:CVCL_1481	NCI-H1623
cellosaurus:CVCL_1481	NCI-H1623
cellosaurus:CVCL_1481	NCI-H1623
cellosaurus:CVCL_1481	NCI-H1623
cellosaurus:CVCL_1481	NCI-H1623
cellosaurus:CVCL_1482	NCI-H1648
cellosaurus:CVCL_1482	NCI-H1648
cellosaurus:CVCL_1482	NCI-H1648
cellosaurus:CVCL_1484	NCI-H1651
cellosaurus:CVCL_1484	NCI-H1651
cellosaurus:CVCL_1484	NCI-H1651
cellosaurus:CVCL_1484	NCI-H1651
cellosaurus:CVCL_1484	NCI-H1651
cellosaurus:CVCL_1484	NCI-H1651
cellosaurus:CVCL_1485	NCI-H1666
cellosaurus:CVCL_1485	NCI-H1666
cellosaurus:CVCL_1485	NCI-H1666
cellosaurus:CVCL_1485	NCI-H1666
cellosaurus:CVCL_1485	NCI-H1666
cellosaurus:CVCL_1487	NCI-H1688
cellosaurus:CVCL_1487	NCI-H1688
cellosaurus:CVCL_1488	NCI-H1693
cellosaurus:CVCL_1488	NCI-H1693
cellosaurus:CVCL_1488	NCI-H1693
cellosaurus:CVCL_1488	NCI-H1693
cellosaurus:CVCL_1488	NCI-H1693
cellosaurus:CVCL_1489	NCI-H1694
cellosaurus:CVCL_1489	NCI-H1694
cellosaurus:CVCL_1489	NCI-H1694
cellosaurus:CVCL_1490	NCI-H1703
cellosaurus:CVCL_1490	NCI-H1703
cellosaurus:CVCL_1490	NCI-H1703
cellosaurus:CVCL_1490	NCI-H1703
cellosaurus:CVCL_1490	NCI-H1703
cellosaurus:CVCL_1490	NCI-H1703
cellosaurus:CVCL_1491	NCI-H1734
cellosaurus:CVCL_1491	NCI-H1734
cellosaurus:CVCL_1491	NCI-H1734
cellosaurus:CVCL_1491	NCI-H1734
cellosaurus:CVCL_1491	NCI-H1734
cellosaurus:CVCL_1493	NCI-H1770
cellosaurus:CVCL_1493	NCI-H1770
cellosaurus:CVCL_1493	NCI-H1770
cellosaurus:CVCL_1495	NCI-H1792
cellosaurus:CVCL_1495	NCI-H1792
cellosaurus:CVCL_1495	NCI-H1792
cellosaurus:CVCL_1495	NCI-H1792
cellosaurus:CVCL_1495	NCI-H1792
cellosaurus:CVCL_1495	NCI-H1792
cellosaurus:CVCL_1495	NCI-H1792
cellosaurus:CVCL_1496	NCI-H1793
cellosaurus:CVCL_1496	NCI-H1793
cellosaurus:CVCL_1496	NCI-H1793
cellosaurus:CVCL_1496	NCI-H1793
cellosaurus:CVCL_1496	NCI-H1793
cellosaurus:CVCL_1496	NCI-H1793
cellosaurus:CVCL_1496	NCI-H1793
cellosaurus:CVCL_1497	NCI-H1819
cellosaurus:CVCL_1497	NCI-H1819
cellosaurus:CVCL_1498	NCI-H1836
cellosaurus:CVCL_1498	NCI-H1836
cellosaurus:CVCL_1499	NCI-H1838
cellosaurus:CVCL_1499	NCI-H1838
cellosaurus:CVCL_1499	NCI-H1838
cellosaurus:CVCL_1499	NCI-H1838
cellosaurus:CVCL_1499	NCI-H1838
cellosaurus:CVCL_1499	NCI-H1838
cellosaurus:CVCL_1499	NCI-H1838
cellosaurus:CVCL_1500	NCI-H1869
cellosaurus:CVCL_1500	NCI-H1869
cellosaurus:CVCL_1501	NCI-H187
cellosaurus:CVCL_1501	NCI-H187
cellosaurus:CVCL_1501	NCI-H187
cellosaurus:CVCL_1501	NCI-H187
cellosaurus:CVCL_1501	NCI-H187
cellosaurus:CVCL_1501	NCI-H187
cellosaurus:CVCL_1501	NCI-H187
cellosaurus:CVCL_1501	NCI-H187
cellosaurus:CVCL_1503	NCI-H1876
cellosaurus:CVCL_1503	NCI-H1876
cellosaurus:CVCL_1505	NCI-H1915
cellosaurus:CVCL_1505	NCI-H1915
cellosaurus:CVCL_1505	NCI-H1915
cellosaurus:CVCL_1507	NCI-H1930
cellosaurus:CVCL_1507	NCI-H1930
cellosaurus:CVCL_1507	NCI-H1930
cellosaurus:CVCL_1508	NCI-H1944
cellosaurus:CVCL_1508	NCI-H1944
cellosaurus:CVCL_1508	NCI-H1944
cellosaurus:CVCL_1508	NCI-H1944
cellosaurus:CVCL_1508	NCI-H1944
cellosaurus:CVCL_1509	NCI-H196
cellosaurus:CVCL_1509	NCI-H196
cellosaurus:CVCL_1509	NCI-H196
cellosaurus:CVCL_1509	NCI-H196
cellosaurus:CVCL_1509	NCI-H196
cellosaurus:CVCL_1509	NCI-H196
cellosaurus:CVCL_1510	NCI-H1963
cellosaurus:CVCL_1510	NCI-H1963
cellosaurus:CVCL_1510	NCI-H1963
cellosaurus:CVCL_1512	NCI-H1993
cellosaurus:CVCL_1512	NCI-H1993
cellosaurus:CVCL_1512	NCI-H1993
cellosaurus:CVCL_1512	NCI-H1993
cellosaurus:CVCL_1512	NCI-H1993
cellosaurus:CVCL_1512	NCI-H1993
cellosaurus:CVCL_1515	NCI-H2023
cellosaurus:CVCL_1515	NCI-H2023
cellosaurus:CVCL_1515	NCI-H2023
cellosaurus:CVCL_1515	NCI-H2023
cellosaurus:CVCL_1515	NCI-H2023
cellosaurus:CVCL_1516	NCI-H2029
cellosaurus:CVCL_1518	NCI-H2052
cellosaurus:CVCL_1518	NCI-H2052
cellosaurus:CVCL_1518	NCI-H2052
cellosaurus:CVCL_1518	NCI-H2052
cellosaurus:CVCL_1518	NCI-H2052
cellosaurus:CVCL_1520	NCI-H2066
cellosaurus:CVCL_1520	NCI-H2066
cellosaurus:CVCL_1521	NCI-H2073
cellosaurus:CVCL_1521	NCI-H2073
cellosaurus:CVCL_1521	NCI-H2073
cellosaurus:CVCL_5157	NCI-H2077
cellosaurus:CVCL_1522	NCI-H2081
cellosaurus:CVCL_1522	NCI-H2081
cellosaurus:CVCL_1522	NCI-H2081
cellosaurus:CVCL_1522	NCI-H2081
cellosaurus:CVCL_1523	NCI-H2085
cellosaurus:CVCL_1523	NCI-H2085
cellosaurus:CVCL_1523	NCI-H2085
cellosaurus:CVCL_1523	NCI-H2085
cellosaurus:CVCL_1523	NCI-H2085
cellosaurus:CVCL_1526	NCI-H2106
cellosaurus:CVCL_1527	NCI-H2107
cellosaurus:CVCL_1527	NCI-H2107
cellosaurus:CVCL_1529	NCI-H211
cellosaurus:CVCL_1529	NCI-H211
cellosaurus:CVCL_1529	NCI-H211
cellosaurus:CVCL_1529	NCI-H211
cellosaurus:CVCL_1529	NCI-H211
cellosaurus:CVCL_1530	NCI-H2110
cellosaurus:CVCL_1530	NCI-H2110
cellosaurus:CVCL_1531	NCI-H2122
cellosaurus:CVCL_1531	NCI-H2122
cellosaurus:CVCL_1531	NCI-H2122
cellosaurus:CVCL_1531	NCI-H2122
cellosaurus:CVCL_1531	NCI-H2122
cellosaurus:CVCL_1531	NCI-H2122
cellosaurus:CVCL_1531	NCI-H2122
cellosaurus:CVCL_1531	NCI-H2122
cellosaurus:CVCL_1531	NCI-H2122
cellosaurus:CVCL_1532	NCI-H2126
cellosaurus:CVCL_1532	NCI-H2126
cellosaurus:CVCL_1532	NCI-H2126
cellosaurus:CVCL_1532	NCI-H2126
cellosaurus:CVCL_1532	NCI-H2126
cellosaurus:CVCL_1532	NCI-H2126
cellosaurus:CVCL_1532	NCI-H2126
cellosaurus:CVCL_1532	NCI-H2126
cellosaurus:CVCL_1533	NCI-H2135
cellosaurus:CVCL_1534	NCI-H2141
cellosaurus:CVCL_1535	NCI-H2170
cellosaurus:CVCL_1535	NCI-H2170
cellosaurus:CVCL_1535	NCI-H2170
cellosaurus:CVCL_1535	NCI-H2170
cellosaurus:CVCL_1535	NCI-H2170
cellosaurus:CVCL_1535	NCI-H2170
cellosaurus:CVCL_1535	NCI-H2170
cellosaurus:CVCL_1536	NCI-H2171
cellosaurus:CVCL_1536	NCI-H2171
cellosaurus:CVCL_1536	NCI-H2171
cellosaurus:CVCL_1536	NCI-H2171
cellosaurus:CVCL_1537	NCI-H2172
cellosaurus:CVCL_1537	NCI-H2172
cellosaurus:CVCL_1537	NCI-H2172
cellosaurus:CVCL_1538	NCI-H2195
cellosaurus:CVCL_1538	NCI-H2195
cellosaurus:CVCL_1539	NCI-H2196
cellosaurus:CVCL_1539	NCI-H2196
cellosaurus:CVCL_1540	NCI-H2198
cellosaurus:CVCL_1542	NCI-H2227
cellosaurus:CVCL_1545	NCI-H2286
cellosaurus:CVCL_1545	NCI-H2286
cellosaurus:CVCL_1545	NCI-H2286
cellosaurus:CVCL_1546	NCI-H2291
cellosaurus:CVCL_1546	NCI-H2291
cellosaurus:CVCL_1546	NCI-H2291
cellosaurus:CVCL_1548	NCI-H2330
cellosaurus:CVCL_1549	NCI-H2342
cellosaurus:CVCL_1549	NCI-H2342
cellosaurus:CVCL_1549	NCI-H2342
cellosaurus:CVCL_1549	NCI-H2342
cellosaurus:CVCL_1550	NCI-H2347
cellosaurus:CVCL_1550	NCI-H2347
cellosaurus:CVCL_1550	NCI-H2347
cellosaurus:CVCL_1550	NCI-H2347
cellosaurus:CVCL_1550	NCI-H2347
cellosaurus:CVCL_1550	NCI-H2347
cellosaurus:CVCL_1550	NCI-H2347
cellosaurus:CVCL_1550	NCI-H2347
cellosaurus:CVCL_1550	NCI-H2347
cellosaurus:CVCL_1550	NCI-H2347
cellosaurus:CVCL_1550	NCI-H2347
cellosaurus:CVCL_A533	NCI-H2373
cellosaurus:CVCL_1551	NCI-H2405
cellosaurus:CVCL_1551	NCI-H2405
cellosaurus:CVCL_1551	NCI-H2405
cellosaurus:CVCL_1552	NCI-H2444
cellosaurus:CVCL_1552	NCI-H2444
cellosaurus:CVCL_1553	NCI-H2452
cellosaurus:CVCL_1553	NCI-H2452
cellosaurus:CVCL_1553	NCI-H2452
cellosaurus:CVCL_1555	NCI-H28
cellosaurus:CVCL_1555	NCI-H28
cellosaurus:CVCL_1555	NCI-H28
cellosaurus:CVCL_5158	NCI-H2882
cellosaurus:CVCL_5159	NCI-H2887
cellosaurus:CVCL_1558	NCI-H345
cellosaurus:CVCL_1558	NCI-H345
cellosaurus:CVCL_1558	NCI-H345
cellosaurus:CVCL_1560	NCI-H378
cellosaurus:CVCL_1560	NCI-H378
cellosaurus:CVCL_1563	NCI-H498
cellosaurus:CVCL_1563	NCI-H498
cellosaurus:CVCL_1564	NCI-H508
cellosaurus:CVCL_1564	NCI-H508
cellosaurus:CVCL_1564	NCI-H508
cellosaurus:CVCL_1565	NCI-H510A
cellosaurus:CVCL_1565	NCI-H510A
cellosaurus:CVCL_1565	NCI-H510A
cellosaurus:CVCL_1566	NCI-H520
cellosaurus:CVCL_1566	NCI-H520
cellosaurus:CVCL_1566	NCI-H520
cellosaurus:CVCL_1566	NCI-H520
cellosaurus:CVCL_1566	NCI-H520
cellosaurus:CVCL_1566	NCI-H520
cellosaurus:CVCL_1566	NCI-H520
cellosaurus:CVCL_1566	NCI-H520
cellosaurus:CVCL_1567	NCI-H522
cellosaurus:CVCL_1567	NCI-H522
cellosaurus:CVCL_1567	NCI-H522
cellosaurus:CVCL_1567	NCI-H522
cellosaurus:CVCL_1567	NCI-H522
cellosaurus:CVCL_1567	NCI-H522
cellosaurus:CVCL_1567	NCI-H522
cellosaurus:CVCL_1567	NCI-H522
cellosaurus:CVCL_1567	NCI-H522
cellosaurus:CVCL_1567	NCI-H522
cellosaurus:CVCL_1567	NCI-H522
cellosaurus:CVCL_1567	NCI-H522
cellosaurus:CVCL_1567	NCI-H522
cellosaurus:CVCL_1567	NCI-H522
cellosaurus:CVCL_1567	NCI-H522
cellosaurus:CVCL_1567	NCI-H522
cellosaurus:CVCL_1567	NCI-H522
cellosaurus:CVCL_1569	NCI-H526
cellosaurus:CVCL_1569	NCI-H526
cellosaurus:CVCL_1569	NCI-H526
cellosaurus:CVCL_1569	NCI-H526
cellosaurus:CVCL_1569	NCI-H526
cellosaurus:CVCL_1569	NCI-H526
cellosaurus:CVCL_1571	NCI-H596
cellosaurus:CVCL_1571	NCI-H596
cellosaurus:CVCL_1571	NCI-H596
cellosaurus:CVCL_1571	NCI-H596
cellosaurus:CVCL_1571	NCI-H596
cellosaurus:CVCL_A578	NCI-H620
cellosaurus:CVCL_1574	NCI-H647
cellosaurus:CVCL_1574	NCI-H647
cellosaurus:CVCL_1574	NCI-H647
cellosaurus:CVCL_1574	NCI-H647
cellosaurus:CVCL_1574	NCI-H647
cellosaurus:CVCL_1574	NCI-H647
cellosaurus:CVCL_1576	NCI-H660
cellosaurus:CVCL_1576	NCI-H660
cellosaurus:CVCL_1576	NCI-H660
cellosaurus:CVCL_1576	NCI-H660
cellosaurus:CVCL_1576	NCI-H660
cellosaurus:CVCL_1577	NCI-H661
cellosaurus:CVCL_1577	NCI-H661
cellosaurus:CVCL_1577	NCI-H661
cellosaurus:CVCL_1577	NCI-H661
cellosaurus:CVCL_1577	NCI-H661
cellosaurus:CVCL_1577	NCI-H661
cellosaurus:CVCL_A580	NCI-H678
cellosaurus:CVCL_1580	NCI-H711
cellosaurus:CVCL_1580	NCI-H711
cellosaurus:CVCL_1580	NCI-H711
cellosaurus:CVCL_1581	NCI-H716
cellosaurus:CVCL_1581	NCI-H716
cellosaurus:CVCL_1581	NCI-H716
cellosaurus:CVCL_1581	NCI-H716
cellosaurus:CVCL_1581	NCI-H716
cellosaurus:CVCL_1583	NCI-H720
cellosaurus:CVCL_1583	NCI-H720
cellosaurus:CVCL_1584	NCI-H727
cellosaurus:CVCL_1584	NCI-H727
cellosaurus:CVCL_1584	NCI-H727
cellosaurus:CVCL_1584	NCI-H727
cellosaurus:CVCL_1584	NCI-H727
cellosaurus:CVCL_1585	NCI-H735
cellosaurus:CVCL_1587	NCI-H747
cellosaurus:CVCL_1587	NCI-H747
cellosaurus:CVCL_1587	NCI-H747
cellosaurus:CVCL_1587	NCI-H747
cellosaurus:CVCL_1587	NCI-H747
cellosaurus:CVCL_1588	NCI-H748
cellosaurus:CVCL_1588	NCI-H748
cellosaurus:CVCL_1588	NCI-H748
cellosaurus:CVCL_1588	NCI-H748
cellosaurus:CVCL_A583	NCI-H792
cellosaurus:CVCL_1590	NCI-H810
cellosaurus:CVCL_1590	NCI-H810
cellosaurus:CVCL_1590	NCI-H810
cellosaurus:CVCL_1590	NCI-H810
cellosaurus:CVCL_1592	NCI-H820
cellosaurus:CVCL_1592	NCI-H820
cellosaurus:CVCL_1595	NCI-H841
cellosaurus:CVCL_1595	NCI-H841
cellosaurus:CVCL_1595	NCI-H841
cellosaurus:CVCL_1598	NCI-H889
cellosaurus:CVCL_1598	NCI-H889
cellosaurus:CVCL_1598	NCI-H889
cellosaurus:CVCL_1598	NCI-H889
cellosaurus:CVCL_1598	NCI-H889
cellosaurus:CVCL_1599	NCI-H920
cellosaurus:CVCL_1599	NCI-H920
cellosaurus:CVCL_1601	NCI-H969
cellosaurus:CVCL_1601	NCI-H969
cellosaurus:CVCL_3043	NCO2
cellosaurus:CVCL_1605	NH-12
cellosaurus:CVCL_1605	NH-12
cellosaurus:CVCL_1606	NH-6
cellosaurus:CVCL_8461	NK-YS
cellosaurus:CVCL_1608	NMC-G1
cellosaurus:CVCL_1608	NMC-G1
cellosaurus:CVCL_2658	NO36
cellosaurus:CVCL_F755	NP69SV40T
cellosaurus:CVCL_1876	NU-DHL-1
cellosaurus:CVCL_1877	NU-DUL-1
cellosaurus:CVCL_1611	NUGC-2
cellosaurus:CVCL_3082	NUGC-4
cellosaurus:CVCL_3082	NUGC-4
cellosaurus:CVCL_1613	NY
cellosaurus:CVCL_W083	O24B
cellosaurus:CVCL_1616	OC 314
cellosaurus:CVCL_1616	OC 314
cellosaurus:CVCL_1617	OC 315
cellosaurus:CVCL_1618	OC 316
cellosaurus:CVCL_1844	OCI-AML-3
cellosaurus:CVCL_1844	OCI-AML-3
cellosaurus:CVCL_1620	OCI-AML-5
cellosaurus:CVCL_DH02	OCI-C1p
cellosaurus:CVCL_DH03	OCI-C2p
cellosaurus:CVCL_DH04	OCI-C3x
cellosaurus:CVCL_DH06	OCI-C5x
cellosaurus:CVCL_DH08	OCI-D1p
cellosaurus:CVCL_DH09	OCI-E1p
cellosaurus:CVCL_DH11	OCI-E3x
cellosaurus:CVCL_DH12	OCI-EP1p
cellosaurus:CVCL_1879	OCI-Ly1
cellosaurus:CVCL_1879	OCI-Ly1
cellosaurus:CVCL_8795	OCI-Ly10
cellosaurus:CVCL_8795	OCI-Ly10
cellosaurus:CVCL_8795	OCI-Ly10
cellosaurus:CVCL_1880	OCI-Ly18
cellosaurus:CVCL_1878	OCI-Ly19
cellosaurus:CVCL_1878	OCI-Ly19
cellosaurus:CVCL_8799	OCI-Ly2
cellosaurus:CVCL_8800	OCI-Ly3
cellosaurus:CVCL_8800	OCI-Ly3
cellosaurus:CVCL_8800	OCI-Ly3
cellosaurus:CVCL_8801	OCI-Ly4
cellosaurus:CVCL_1881	OCI-Ly7
cellosaurus:CVCL_1881	OCI-Ly7
cellosaurus:CVCL_8803	OCI-Ly8
cellosaurus:CVCL_8803	OCI-Ly8
cellosaurus:CVCL_2149	OCI-M1
cellosaurus:CVCL_DH13	OCI-M1p
cellosaurus:CVCL_DH14	OCI-P1a
cellosaurus:CVCL_DH15	OCI-P2a
cellosaurus:CVCL_DH17	OCI-P4p
cellosaurus:CVCL_DH18	OCI-P5x
cellosaurus:CVCL_DH20	OCI-P7a
cellosaurus:CVCL_DH24	OCI-U1a
cellosaurus:CVCL_3084	OCUM-1
cellosaurus:CVCL_3084	OCUM-1
cellosaurus:CVCL_1622	OE19
cellosaurus:CVCL_1622	OE19
cellosaurus:CVCL_1622	OE19
cellosaurus:CVCL_1622	OE19
cellosaurus:CVCL_1622	OE19
cellosaurus:CVCL_1622	OE19
cellosaurus:CVCL_1622	OE19
cellosaurus:CVCL_1622	OE19
cellosaurus:CVCL_1622	OE19
cellosaurus:CVCL_1622	OE19
cellosaurus:CVCL_1622	OE19
cellosaurus:CVCL_1622	OE19
cellosaurus:CVCL_1622	OE19
cellosaurus:CVCL_1622	OE19
cellosaurus:CVCL_2661	OE21
cellosaurus:CVCL_2661	OE21
cellosaurus:CVCL_2661	OE21
cellosaurus:CVCL_2661	OE21
cellosaurus:CVCL_0471	OE33
cellosaurus:CVCL_0471	OE33
cellosaurus:CVCL_0471	OE33
cellosaurus:CVCL_0471	OE33
cellosaurus:CVCL_A662	OHN-GM
cellosaurus:CVCL_F504	OLD1612
cellosaurus:CVCL_2671	ONE58
cellosaurus:CVCL_1626	OS-RC-2
cellosaurus:CVCL_3087	OSC-20
cellosaurus:CVCL_3088	OUMS-23
cellosaurus:CVCL_3088	OUMS-23
cellosaurus:CVCL_3090	OUMS-27
cellosaurus:CVCL_4004	OV-MZ-15
cellosaurus:CVCL_DH78	OV-TRL-12B
cellosaurus:CVCL_DH79	OV-TRL-90T
cellosaurus:CVCL_2673	OV56
cellosaurus:CVCL_2675	OV7
cellosaurus:CVCL_DH80	OVCA-X
cellosaurus:CVCL_4377	OVCAR-10
cellosaurus:CVCL_4377	OVCAR-10
cellosaurus:CVCL_4377	OVCAR-10
cellosaurus:CVCL_1627	OVCAR-4
cellosaurus:CVCL_1627	OVCAR-4
cellosaurus:CVCL_1627	OVCAR-4
cellosaurus:CVCL_1627	OVCAR-4
cellosaurus:CVCL_1627	OVCAR-4
cellosaurus:CVCL_1627	OVCAR-4
cellosaurus:CVCL_1627	OVCAR-4
cellosaurus:CVCL_1627	OVCAR-4
cellosaurus:CVCL_1627	OVCAR-4
cellosaurus:CVCL_1627	OVCAR-4
cellosaurus:CVCL_1627	OVCAR-4
cellosaurus:CVCL_1627	OVCAR-4
cellosaurus:CVCL_1627	OVCAR-4
cellosaurus:CVCL_1627	OVCAR-4
cellosaurus:CVCL_DG79	OVCAR-7
cellosaurus:CVCL_DG79	OVCAR-7
cellosaurus:CVCL_3110	OVKATE
cellosaurus:CVCL_3111	OVMANA
cellosaurus:CVCL_3111	OVMANA
cellosaurus:CVCL_3111	OVMANA
cellosaurus:CVCL_3114	OVSAHO
cellosaurus:CVCL_3114	OVSAHO
cellosaurus:CVCL_3117	OVTOKO
cellosaurus:CVCL_3117	OVTOKO
cellosaurus:CVCL_3117	OVTOKO
cellosaurus:CVCL_3117	OVTOKO
cellosaurus:CVCL_M710	OZ [Human diffuse large B-cell lymphoma]
cellosaurus:CVCL_M710	OZ [Human diffuse large B-cell lymphoma]
cellosaurus:CVCL_L298	P-STS
cellosaurus:CVCL_1630	P12-Ichikawa
cellosaurus:CVCL_1631	P30/OHK
cellosaurus:CVCL_1632	P31/FUJ
cellosaurus:CVCL_1632	P31/FUJ
cellosaurus:CVCL_3119	P32/ISH
cellosaurus:CVCL_3119	P32/ISH
cellosaurus:CVCL_1633	Panc 02.03
cellosaurus:CVCL_1634	Panc 02.13
cellosaurus:CVCL_1635	Panc 03.27
cellosaurus:CVCL_1635	Panc 03.27
cellosaurus:CVCL_1637	Panc 05.04
cellosaurus:CVCL_1638	Panc 08.13
cellosaurus:CVCL_1638	Panc 08.13
cellosaurus:CVCL_1638	Panc 08.13
cellosaurus:CVCL_1639	Panc 10.05
cellosaurus:CVCL_1639	Panc 10.05
cellosaurus:CVCL_4012	PancTu-I
cellosaurus:CVCL_1845	PaTu 8902
cellosaurus:CVCL_1846	PaTu 8988s
cellosaurus:CVCL_1847	PaTu 8988t
cellosaurus:CVCL_1847	PaTu 8988t
cellosaurus:CVCL_1847	PaTu 8988t
cellosaurus:CVCL_1847	PaTu 8988t
cellosaurus:CVCL_S982	PC-3 [Human lung carcinoma]
cellosaurus:CVCL_C171	PCI-04B
cellosaurus:CVCL_4666	PCM6
cellosaurus:CVCL_2678	PE/CA-PJ15
cellosaurus:CVCL_2678	PE/CA-PJ15
cellosaurus:CVCL_2679	PE/CA-PJ34 (clone C12)
cellosaurus:CVCL_2680	PE/CA-PJ41 (clone D2)
cellosaurus:CVCL_2681	PE/CA-PJ49
cellosaurus:CVCL_2682	PEA1
cellosaurus:CVCL_2682	PEA1
cellosaurus:CVCL_2683	PEA2
cellosaurus:CVCL_2687	PEO14
cellosaurus:CVCL_2687	PEO14
cellosaurus:CVCL_2689	PEO23
cellosaurus:CVCL_2690	PEO4
cellosaurus:CVCL_2690	PEO4
cellosaurus:CVCL_2690	PEO4
cellosaurus:CVCL_2690	PEO4
cellosaurus:CVCL_2691	PEO6
cellosaurus:CVCL_2691	PEO6
cellosaurus:CVCL_6748	PK-45H
cellosaurus:CVCL_2161	PL-21
cellosaurus:CVCL_M704	PL-29018
cellosaurus:CVCL_3567	PL45
cellosaurus:CVCL_DH43	PR1 [Human diffuse large B-cell lymphoma]
cellosaurus:CVCL_3775	PWR-1E
cellosaurus:CVCL_3143	QGP-1
cellosaurus:CVCL_3143	QGP-1
cellosaurus:CVCL_1883	RC-K8
cellosaurus:CVCL_1647	RCC10RGB
cellosaurus:CVCL_1648	RCM-1 [Human rectum adenocarcinoma]
cellosaurus:CVCL_1648	RCM-1 [Human rectum adenocarcinoma]
cellosaurus:CVCL_1884	REC-1
cellosaurus:CVCL_1884	REC-1
cellosaurus:CVCL_1884	REC-1
cellosaurus:CVCL_1884	REC-1
cellosaurus:CVCL_3152	RERF-GC-1B
cellosaurus:CVCL_3152	RERF-GC-1B
cellosaurus:CVCL_1651	RERF-LC-Ad1
cellosaurus:CVCL_1652	RERF-LC-Ad2
cellosaurus:CVCL_1652	RERF-LC-Ad2
cellosaurus:CVCL_1655	RERF-LC-MS
cellosaurus:CVCL_1655	RERF-LC-MS
cellosaurus:CVCL_DG03	Res186
cellosaurus:CVCL_DG03	Res186
cellosaurus:CVCL_DG09	Res256
cellosaurus:CVCL_DG10	Res259
cellosaurus:CVCL_DG10	Res259
cellosaurus:CVCL_M599	Rh36
cellosaurus:CVCL_M599	Rh36
cellosaurus:CVCL_1885	Ri-1
cellosaurus:CVCL_1885	Ri-1
cellosaurus:CVCL_1885	Ri-1
cellosaurus:CVCL_3156	RKN
cellosaurus:CVCL_3156	RKN
cellosaurus:CVCL_1660	RL
cellosaurus:CVCL_1660	RL
cellosaurus:CVCL_1660	RL
cellosaurus:CVCL_1660	RL
cellosaurus:CVCL_1660	RL
cellosaurus:CVCL_1660	RL
cellosaurus:CVCL_0505	RL95-2
cellosaurus:CVCL_0505	RL95-2
cellosaurus:CVCL_0505	RL95-2
cellosaurus:CVCL_0505	RL95-2
cellosaurus:CVCL_0505	RL95-2
cellosaurus:CVCL_9714	RM-82
cellosaurus:CVCL_2803	RMG-II
cellosaurus:CVCL_W527	RMS
cellosaurus:CVCL_W527	RMS
cellosaurus:CVCL_W527	RMS
cellosaurus:CVCL_W527	RMS
cellosaurus:CVCL_W527	RMS
cellosaurus:CVCL_W527	RMS
cellosaurus:CVCL_3158	RMUG-S
cellosaurus:CVCL_1887	ROS-50
cellosaurus:CVCL_1666	RPMI-7951
cellosaurus:CVCL_1666	RPMI-7951
cellosaurus:CVCL_4373	RWP-1
cellosaurus:CVCL_1673	RXF 393L
cellosaurus:CVCL_1673	RXF 393L
cellosaurus:CVCL_1673	RXF 393L
cellosaurus:CVCL_1673	RXF 393L
cellosaurus:CVCL_1673	RXF 393L
cellosaurus:CVCL_1673	RXF 393L
cellosaurus:CVCL_1674	S-117
cellosaurus:CVCL_8063	Sa3
cellosaurus:CVCL_3160	SAT [Human HNSCC]
cellosaurus:CVCL_1676	SBC-1
cellosaurus:CVCL_W531	SBC-2 [Human SCLC]
cellosaurus:CVCL_A479	SBC-4
cellosaurus:CVCL_1679	SBC-5
cellosaurus:CVCL_1679	SBC-5
cellosaurus:CVCL_1679	SBC-5
cellosaurus:CVCL_DH97	SBC-6
cellosaurus:CVCL_W530	SBC-7 [Human SCLC]
cellosaurus:CVCL_DH98	SBC-9A
cellosaurus:CVCL_D732	SBcl2
cellosaurus:CVCL_D732	SBcl2
cellosaurus:CVCL_1888	Sc-1
cellosaurus:CVCL_1888	Sc-1
cellosaurus:CVCL_1888	Sc-1
cellosaurus:CVCL_1888	Sc-1
cellosaurus:CVCL_3599	SCaBER
cellosaurus:CVCL_3599	SCaBER
cellosaurus:CVCL_3599	SCaBER
cellosaurus:CVCL_1681	SCC-15
cellosaurus:CVCL_1681	SCC-15
cellosaurus:CVCL_1683	SCC-3
cellosaurus:CVCL_1684	SCC-4
cellosaurus:CVCL_1684	SCC-4
cellosaurus:CVCL_1684	SCC-4
cellosaurus:CVCL_1685	SCC-9
cellosaurus:CVCL_1685	SCC-9
cellosaurus:CVCL_1687	SCH
cellosaurus:CVCL_1687	SCH
cellosaurus:CVCL_2186	SCLC-22H
cellosaurus:CVCL_7123	SCMC-ES1
cellosaurus:CVCL_5921	SCMC-N2
cellosaurus:CVCL_5921	SCMC-N2
cellosaurus:CVCL_5923	SCMC-N4
cellosaurus:CVCL_5923	SCMC-N4
cellosaurus:CVCL_5924	SCMC-N5
cellosaurus:CVCL_5924	SCMC-N5
cellosaurus:CVCL_M646	Seraphina
cellosaurus:CVCL_2187	SET-2
cellosaurus:CVCL_1688	SF126
cellosaurus:CVCL_1689	SF268
cellosaurus:CVCL_1689	SF268
cellosaurus:CVCL_1689	SF268
cellosaurus:CVCL_1689	SF268
cellosaurus:CVCL_1689	SF268
cellosaurus:CVCL_1689	SF268
cellosaurus:CVCL_1689	SF268
cellosaurus:CVCL_1689	SF268
cellosaurus:CVCL_1689	SF268
cellosaurus:CVCL_1689	SF268
cellosaurus:CVCL_1689	SF268
cellosaurus:CVCL_1691	SF539
cellosaurus:CVCL_1691	SF539
cellosaurus:CVCL_1691	SF539
cellosaurus:CVCL_1691	SF539
cellosaurus:CVCL_1691	SF539
cellosaurus:CVCL_1691	SF539
cellosaurus:CVCL_1691	SF539
cellosaurus:CVCL_1691	SF539
cellosaurus:CVCL_5167	SH-10-TC
cellosaurus:CVCL_1692	SH-4
cellosaurus:CVCL_1692	SH-4
cellosaurus:CVCL_1692	SH-4
cellosaurus:CVCL_1693	SHP-77
cellosaurus:CVCL_1693	SHP-77
cellosaurus:CVCL_1693	SHP-77
cellosaurus:CVCL_1693	SHP-77
cellosaurus:CVCL_1693	SHP-77
cellosaurus:CVCL_1694	SIG-M5
cellosaurus:CVCL_5168	SJES-1
cellosaurus:CVCL_5169	SJES-2
cellosaurus:CVCL_5170	SJES-3
cellosaurus:CVCL_5171	SJES-5
cellosaurus:CVCL_5172	SJES-6
cellosaurus:CVCL_5173	SJES-7
cellosaurus:CVCL_5174	SJES-8
cellosaurus:CVCL_8812	SJNB-1
cellosaurus:CVCL_8812	SJNB-1
cellosaurus:CVCL_8818	SJNB-2
cellosaurus:CVCL_8818	SJNB-2
cellosaurus:CVCL_8820	SJNB-3
cellosaurus:CVCL_8820	SJNB-3
cellosaurus:CVCL_8821	SJNB-4
cellosaurus:CVCL_8821	SJNB-4
cellosaurus:CVCL_8822	SJNB-5
cellosaurus:CVCL_8822	SJNB-5
cellosaurus:CVCL_8823	SJNB-6
cellosaurus:CVCL_8823	SJNB-6
cellosaurus:CVCL_8824	SJNB-7
cellosaurus:CVCL_8824	SJNB-7
cellosaurus:CVCL_8825	SJNB-8
cellosaurus:CVCL_8825	SJNB-8
cellosaurus:CVCL_5218	SK-BR-7
cellosaurus:CVCL_0626	SK-CO-1
cellosaurus:CVCL_0626	SK-CO-1
cellosaurus:CVCL_0626	SK-CO-1
cellosaurus:CVCL_0626	SK-CO-1
cellosaurus:CVCL_0627	SK-ES-1
cellosaurus:CVCL_0627	SK-ES-1
cellosaurus:CVCL_0627	SK-ES-1
cellosaurus:CVCL_0627	SK-ES-1
cellosaurus:CVCL_0627	SK-ES-1
cellosaurus:CVCL_0627	SK-ES-1
cellosaurus:CVCL_5462	SK-LC-13
cellosaurus:CVCL_5466	SK-LC-17
cellosaurus:CVCL_5471	SK-LC-3
cellosaurus:CVCL_0068	SK-MEL-1
cellosaurus:CVCL_0068	SK-MEL-1
cellosaurus:CVCL_0068	SK-MEL-1
cellosaurus:CVCL_0068	SK-MEL-1
cellosaurus:CVCL_0068	SK-MEL-1
cellosaurus:CVCL_6067	SK-MEL-100
cellosaurus:CVCL_6067	SK-MEL-100
cellosaurus:CVCL_6069	SK-MEL-103
cellosaurus:CVCL_6069	SK-MEL-103
cellosaurus:CVCL_6070	SK-MEL-105
cellosaurus:CVCL_6073	SK-MEL-109
cellosaurus:CVCL_D702	SK-MEL-11
cellosaurus:CVCL_6074	SK-MEL-113
cellosaurus:CVCL_6076	SK-MEL-118
cellosaurus:CVCL_6021	SK-MEL-12
cellosaurus:CVCL_6080	SK-MEL-130
cellosaurus:CVCL_3876	SK-MEL-147
cellosaurus:CVCL_6090	SK-MEL-173
cellosaurus:CVCL_6090	SK-MEL-173
cellosaurus:CVCL_6093	SK-MEL-178
cellosaurus:CVCL_6097	SK-MEL-187
cellosaurus:CVCL_6097	SK-MEL-187
cellosaurus:CVCL_6025	SK-MEL-19
cellosaurus:CVCL_6025	SK-MEL-19
cellosaurus:CVCL_6025	SK-MEL-19
cellosaurus:CVCL_6101	SK-MEL-192
cellosaurus:CVCL_6102	SK-MEL-196
cellosaurus:CVCL_8082	SK-MEL-197
cellosaurus:CVCL_6104	SK-MEL-199
cellosaurus:CVCL_6104	SK-MEL-199
cellosaurus:CVCL_6105	SK-MEL-200
cellosaurus:CVCL_6109	SK-MEL-208
cellosaurus:CVCL_6111	SK-MEL-217
cellosaurus:CVCL_6026	SK-MEL-22
cellosaurus:CVCL_6121	SK-MEL-238
cellosaurus:CVCL_6122	SK-MEL-239
cellosaurus:CVCL_0599	SK-MEL-24
cellosaurus:CVCL_0599	SK-MEL-24
cellosaurus:CVCL_0039	SK-MEL-30
cellosaurus:CVCL_0039	SK-MEL-30
cellosaurus:CVCL_0600	SK-MEL-31
cellosaurus:CVCL_0600	SK-MEL-31
cellosaurus:CVCL_6224	SK-MEL-85
cellosaurus:CVCL_6224	SK-MEL-85
cellosaurus:CVCL_3880	SK-MEL-94
cellosaurus:CVCL_1699	SK-MM-2
cellosaurus:CVCL_1701	SK-N-DZ
cellosaurus:CVCL_1701	SK-N-DZ
cellosaurus:CVCL_1701	SK-N-DZ
cellosaurus:CVCL_1702	SK-N-FI
cellosaurus:CVCL_1702	SK-N-FI
cellosaurus:CVCL_1702	SK-N-FI
cellosaurus:CVCL_1702	SK-N-FI
cellosaurus:CVCL_1702	SK-N-FI
cellosaurus:CVCL_4569	SK-N-LO
cellosaurus:CVCL_S664	SK-N-PI
cellosaurus:CVCL_0631	SK-NEP-1
cellosaurus:CVCL_0631	SK-NEP-1
cellosaurus:CVCL_0631	SK-NEP-1
cellosaurus:CVCL_4019	SK-RC-29
cellosaurus:CVCL_6186	SK-RC-31
cellosaurus:CVCL_6189	SK-RC-38
cellosaurus:CVCL_6192	SK-RC-42
cellosaurus:CVCL_6198	SK-RC-52
cellosaurus:CVCL_2795	SKG-IIIb
cellosaurus:CVCL_S607	SKK-1
cellosaurus:CVCL_3167	SKN
cellosaurus:CVCL_3168	SKN-3
cellosaurus:CVCL_Y285	SL-15
cellosaurus:CVCL_V607	SLR21
cellosaurus:CVCL_V608	SLR22
cellosaurus:CVCL_V609	SLR23
cellosaurus:CVCL_V611	SLR25
cellosaurus:CVCL_V612	SLR26
cellosaurus:CVCL_V612	SLR26
cellosaurus:CVCL_1706	SNB-75
cellosaurus:CVCL_1706	SNB-75
cellosaurus:CVCL_1706	SNB-75
cellosaurus:CVCL_1706	SNB-75
cellosaurus:CVCL_1706	SNB-75
cellosaurus:CVCL_1706	SNB-75
cellosaurus:CVCL_1706	SNB-75
cellosaurus:CVCL_1706	SNB-75
cellosaurus:CVCL_1707	SNG-M
cellosaurus:CVCL_1707	SNG-M
cellosaurus:CVCL_A673	SNK-6
cellosaurus:CVCL_A677	SNT-8
cellosaurus:CVCL_5003	SNU-1040
cellosaurus:CVCL_5006	SNU-1076
cellosaurus:CVCL_5007	SNU-1077
cellosaurus:CVCL_5008	SNU-1079
cellosaurus:CVCL_5010	SNU-1105
cellosaurus:CVCL_5014	SNU-119
cellosaurus:CVCL_5015	SNU-1196
cellosaurus:CVCL_5016	SNU-1197
cellosaurus:CVCL_5017	SNU-1214
cellosaurus:CVCL_8788	SNU-1272
cellosaurus:CVCL_5031	SNU-175
cellosaurus:CVCL_0090	SNU-182
cellosaurus:CVCL_0090	SNU-182
cellosaurus:CVCL_0090	SNU-182
cellosaurus:CVCL_0090	SNU-182
cellosaurus:CVCL_0090	SNU-182
cellosaurus:CVCL_5033	SNU-201
cellosaurus:CVCL_5034	SNU-213
cellosaurus:CVCL_3946	SNU-216
cellosaurus:CVCL_5038	SNU-245
cellosaurus:CVCL_5044	SNU-283
cellosaurus:CVCL_5048	SNU-308
cellosaurus:CVCL_5051	SNU-324
cellosaurus:CVCL_5054	SNU-349
cellosaurus:CVCL_0250	SNU-387
cellosaurus:CVCL_0250	SNU-387
cellosaurus:CVCL_0250	SNU-387
cellosaurus:CVCL_0250	SNU-387
cellosaurus:CVCL_0250	SNU-387
cellosaurus:CVCL_0077	SNU-398
cellosaurus:CVCL_0077	SNU-398
cellosaurus:CVCL_0077	SNU-398
cellosaurus:CVCL_0077	SNU-398
cellosaurus:CVCL_0077	SNU-398
cellosaurus:CVCL_0077	SNU-398
cellosaurus:CVCL_5058	SNU-407
cellosaurus:CVCL_5059	SNU-410
cellosaurus:CVCL_0366	SNU-423
cellosaurus:CVCL_0366	SNU-423
cellosaurus:CVCL_0366	SNU-423
cellosaurus:CVCL_0366	SNU-423
cellosaurus:CVCL_0454	SNU-449
cellosaurus:CVCL_0454	SNU-449
cellosaurus:CVCL_0454	SNU-449
cellosaurus:CVCL_0454	SNU-449
cellosaurus:CVCL_0454	SNU-449
cellosaurus:CVCL_5063	SNU-46
cellosaurus:CVCL_5064	SNU-466
cellosaurus:CVCL_0497	SNU-475
cellosaurus:CVCL_0497	SNU-475
cellosaurus:CVCL_0497	SNU-475
cellosaurus:CVCL_0497	SNU-475
cellosaurus:CVCL_0497	SNU-475
cellosaurus:CVCL_5065	SNU-478
cellosaurus:CVCL_5069	SNU-489
cellosaurus:CVCL_0078	SNU-5
cellosaurus:CVCL_0078	SNU-5
cellosaurus:CVCL_0078	SNU-5
cellosaurus:CVCL_0078	SNU-5
cellosaurus:CVCL_0078	SNU-5
cellosaurus:CVCL_0078	SNU-5
cellosaurus:CVCL_0078	SNU-5
cellosaurus:CVCL_0078	SNU-5
cellosaurus:CVCL_0078	SNU-5
cellosaurus:CVCL_0078	SNU-5
cellosaurus:CVCL_0078	SNU-5
cellosaurus:CVCL_5071	SNU-503
cellosaurus:CVCL_5072	SNU-520
cellosaurus:CVCL_0101	SNU-601
cellosaurus:CVCL_5078	SNU-61
cellosaurus:CVCL_5080	SNU-626
cellosaurus:CVCL_5083	SNU-685
cellosaurus:CVCL_5087	SNU-738
cellosaurus:CVCL_5089	SNU-761
cellosaurus:CVCL_5096	SNU-8
cellosaurus:CVCL_5098	SNU-81
cellosaurus:CVCL_5100	SNU-840
cellosaurus:CVCL_5102	SNU-878
cellosaurus:CVCL_5103	SNU-886
cellosaurus:CVCL_5105	SNU-899
cellosaurus:CVCL_1708	SNU-C1
cellosaurus:CVCL_1709	SNU-C2A
cellosaurus:CVCL_5111	SNU-C4
cellosaurus:CVCL_8900	SNU-NCC-59
cellosaurus:CVCL_D022	SP-49
cellosaurus:CVCL_4900	Sq-1
cellosaurus:CVCL_1711	SR
cellosaurus:CVCL_1711	SR
cellosaurus:CVCL_1711	SR
cellosaurus:CVCL_1711	SR
cellosaurus:CVCL_1711	SR
cellosaurus:CVCL_1711	SR
cellosaurus:CVCL_1711	SR
cellosaurus:CVCL_1711	SR
cellosaurus:CVCL_1711	SR
cellosaurus:CVCL_1711	SR
cellosaurus:CVCL_1711	SR
cellosaurus:CVCL_1711	SR
cellosaurus:CVCL_1712	ST486
cellosaurus:CVCL_1712	ST486
cellosaurus:CVCL_1712	ST486
cellosaurus:CVCL_9681	STA-ET-1
cellosaurus:CVCL_9682	STA-ET-10
cellosaurus:CVCL_9686	STA-ET-2.1
cellosaurus:CVCL_A451	STA-NB-13
cellosaurus:CVCL_A452	STA-NB-15
cellosaurus:CVCL_9888	STA-NB-3
cellosaurus:CVCL_9889	STA-NB-4
cellosaurus:CVCL_9892	STA-NB-7
cellosaurus:CVCL_9893	STA-NB-8
cellosaurus:CVCL_S993	STY51
cellosaurus:CVCL_0538	SU-DHL-1
cellosaurus:CVCL_0538	SU-DHL-1
cellosaurus:CVCL_1889	SU-DHL-10
cellosaurus:CVCL_1889	SU-DHL-10
cellosaurus:CVCL_1889	SU-DHL-10
cellosaurus:CVCL_1889	SU-DHL-10
cellosaurus:CVCL_1889	SU-DHL-10
cellosaurus:CVCL_1890	SU-DHL-16
cellosaurus:CVCL_1890	SU-DHL-16
cellosaurus:CVCL_1735	SU-DHL-5
cellosaurus:CVCL_1735	SU-DHL-5
cellosaurus:CVCL_1735	SU-DHL-5
cellosaurus:CVCL_1735	SU-DHL-5
cellosaurus:CVCL_1735	SU-DHL-5
cellosaurus:CVCL_2206	SU-DHL-6
cellosaurus:CVCL_2206	SU-DHL-6
cellosaurus:CVCL_2206	SU-DHL-6
cellosaurus:CVCL_2206	SU-DHL-6
cellosaurus:CVCL_2206	SU-DHL-6
cellosaurus:CVCL_2206	SU-DHL-6
cellosaurus:CVCL_3881	SU.86.86
cellosaurus:CVCL_3881	SU.86.86
cellosaurus:CVCL_W082	SU511
cellosaurus:CVCL_3421	SUM102PT
cellosaurus:CVCL_3421	SUM102PT
cellosaurus:CVCL_5589	SUM1315MO2
cellosaurus:CVCL_3423	SUM190PT
cellosaurus:CVCL_3423	SUM190PT
cellosaurus:CVCL_3424	SUM44PE
cellosaurus:CVCL_3424	SUM44PE
cellosaurus:CVCL_3424	SUM44PE
cellosaurus:CVCL_3424	SUM44PE
cellosaurus:CVCL_2208	SUP-HD1
cellosaurus:CVCL_2208	SUP-HD1
cellosaurus:CVCL_2210	SUP-T11
cellosaurus:CVCL_L280	SuSa
cellosaurus:CVCL_1715	SW1088
cellosaurus:CVCL_1715	SW1088
cellosaurus:CVCL_1715	SW1088
cellosaurus:CVCL_0544	SW1116
cellosaurus:CVCL_0544	SW1116
cellosaurus:CVCL_0544	SW1116
cellosaurus:CVCL_0544	SW1116
cellosaurus:CVCL_0544	SW1116
cellosaurus:CVCL_0544	SW1116
cellosaurus:CVCL_0544	SW1116
cellosaurus:CVCL_1716	SW1271
cellosaurus:CVCL_1716	SW1271
cellosaurus:CVCL_1716	SW1271
cellosaurus:CVCL_1716	SW1271
cellosaurus:CVCL_0543	SW1353
cellosaurus:CVCL_0543	SW1353
cellosaurus:CVCL_0543	SW1353
cellosaurus:CVCL_1717	SW1417
cellosaurus:CVCL_1717	SW1417
cellosaurus:CVCL_1717	SW1417
cellosaurus:CVCL_1717	SW1417
cellosaurus:CVCL_1717	SW1417
cellosaurus:CVCL_1717	SW1417
cellosaurus:CVCL_1718	SW1463
cellosaurus:CVCL_1718	SW1463
cellosaurus:CVCL_1718	SW1463
cellosaurus:CVCL_1718	SW1463
cellosaurus:CVCL_1718	SW1463
cellosaurus:CVCL_1718	SW1463
cellosaurus:CVCL_1719	SW156
cellosaurus:CVCL_1719	SW156
cellosaurus:CVCL_1721	SW1710
cellosaurus:CVCL_1721	SW1710
cellosaurus:CVCL_1721	SW1710
cellosaurus:CVCL_1722	SW1783
cellosaurus:CVCL_1722	SW1783
cellosaurus:CVCL_1722	SW1783
cellosaurus:CVCL_0545	SW403
cellosaurus:CVCL_0545	SW403
cellosaurus:CVCL_0545	SW403
cellosaurus:CVCL_0545	SW403
cellosaurus:CVCL_0545	SW403
cellosaurus:CVCL_1725	SW626
cellosaurus:CVCL_1725	SW626
cellosaurus:CVCL_1725	SW626
cellosaurus:CVCL_1725	SW626
cellosaurus:CVCL_1726	SW684
cellosaurus:CVCL_1726	SW684
cellosaurus:CVCL_1726	SW684
cellosaurus:CVCL_1726	SW684
cellosaurus:CVCL_1727	SW756
cellosaurus:CVCL_1727	SW756
cellosaurus:CVCL_1727	SW756
cellosaurus:CVCL_1727	SW756
cellosaurus:CVCL_1728	SW780
cellosaurus:CVCL_1728	SW780
cellosaurus:CVCL_1728	SW780
cellosaurus:CVCL_1728	SW780
cellosaurus:CVCL_1729	SW837
cellosaurus:CVCL_1729	SW837
cellosaurus:CVCL_1729	SW837
cellosaurus:CVCL_1729	SW837
cellosaurus:CVCL_1729	SW837
cellosaurus:CVCL_1729	SW837
cellosaurus:CVCL_1729	SW837
cellosaurus:CVCL_1730	SW872
cellosaurus:CVCL_1730	SW872
cellosaurus:CVCL_1730	SW872
cellosaurus:CVCL_1730	SW872
cellosaurus:CVCL_1730	SW872
cellosaurus:CVCL_1731	SW900
cellosaurus:CVCL_1731	SW900
cellosaurus:CVCL_1731	SW900
cellosaurus:CVCL_1731	SW900
cellosaurus:CVCL_1731	SW900
cellosaurus:CVCL_1731	SW900
cellosaurus:CVCL_0632	SW948
cellosaurus:CVCL_0632	SW948
cellosaurus:CVCL_0632	SW948
cellosaurus:CVCL_0632	SW948
cellosaurus:CVCL_0632	SW948
cellosaurus:CVCL_0632	SW948
cellosaurus:CVCL_1732	SW954
cellosaurus:CVCL_1732	SW954
cellosaurus:CVCL_1733	SW962
cellosaurus:CVCL_1733	SW962
cellosaurus:CVCL_1734	SW982
cellosaurus:CVCL_1734	SW982
cellosaurus:CVCL_7146	SYO-1
cellosaurus:CVCL_3174	T.T
cellosaurus:CVCL_3174	T.T
cellosaurus:CVCL_3174	T.T
cellosaurus:CVCL_3174	T.T
cellosaurus:CVCL_3175	T.Tn
cellosaurus:CVCL_3605	T1-73
cellosaurus:CVCL_3605	T1-73
cellosaurus:CVCL_3605	T1-73
cellosaurus:CVCL_3605	T1-73
cellosaurus:CVCL_4056	T3M-4
cellosaurus:CVCL_1736	TALL-1 [Human adult T-ALL]
cellosaurus:CVCL_1736	TALL-1 [Human adult T-ALL]
cellosaurus:CVCL_3177	TASK1
cellosaurus:CVCL_7151	TC-32
cellosaurus:CVCL_M839	TCO-1 [Human thyroid carcinoma]
cellosaurus:CVCL_1740	TE 125.T
cellosaurus:CVCL_1743	TE 159.T
cellosaurus:CVCL_1751	TE 381.T
cellosaurus:CVCL_1751	TE 381.T
cellosaurus:CVCL_1754	TE 441.T
cellosaurus:CVCL_1755	TE 617.T
cellosaurus:CVCL_1759	TE-1
cellosaurus:CVCL_1759	TE-1
cellosaurus:CVCL_1760	TE-10
cellosaurus:CVCL_1761	TE-11
cellosaurus:CVCL_3336	TE-14
cellosaurus:CVCL_1763	TE-15
cellosaurus:CVCL_4455	TE-2
cellosaurus:CVCL_9971	TE-3
cellosaurus:CVCL_3337	TE-4
cellosaurus:CVCL_1764	TE-5
cellosaurus:CVCL_9972	TE-7
cellosaurus:CVCL_9972	TE-7
cellosaurus:CVCL_1766	TE-8
cellosaurus:CVCL_1767	TE-9
cellosaurus:CVCL_1768	TGBC11TKB
cellosaurus:CVCL_3216	TK [Human B-cell lymphoma]
cellosaurus:CVCL_1773	TK-10
cellosaurus:CVCL_1773	TK-10
cellosaurus:CVCL_1773	TK-10
cellosaurus:CVCL_1773	TK-10
cellosaurus:CVCL_1773	TK-10
cellosaurus:CVCL_1773	TK-10
cellosaurus:CVCL_1773	TK-10
cellosaurus:CVCL_1773	TK-10
cellosaurus:CVCL_6735	TM-31
cellosaurus:CVCL_A442	TMD8
cellosaurus:CVCL_3806	TO 175.T
cellosaurus:CVCL_3806	TO 175.T
cellosaurus:CVCL_3806	TO 175.T
cellosaurus:CVCL_3611	Toledo
cellosaurus:CVCL_3611	Toledo
cellosaurus:CVCL_3611	Toledo
cellosaurus:CVCL_3611	Toledo
cellosaurus:CVCL_3611	Toledo
cellosaurus:CVCL_3613	TOV-21G
cellosaurus:CVCL_3613	TOV-21G
cellosaurus:CVCL_3613	TOV-21G
cellosaurus:CVCL_3613	TOV-21G
cellosaurus:CVCL_3613	TOV-21G
cellosaurus:CVCL_3613	TOV-21G
cellosaurus:CVCL_3613	TOV-21G
cellosaurus:CVCL_3613	TOV-21G
cellosaurus:CVCL_B476	TR175
cellosaurus:CVCL_1774	TT
cellosaurus:CVCL_2218	TT2609-C02
cellosaurus:CVCL_A444	TTC-466
cellosaurus:CVCL_5952	TUHR10TKB
cellosaurus:CVCL_5953	TUHR14TKB
cellosaurus:CVCL_5957	TUHR4TKB
cellosaurus:CVCL_DG42	TY-1
cellosaurus:CVCL_DG42	TY-1
cellosaurus:CVCL_DG42	TY-1
cellosaurus:CVCL_1896	U-2932
cellosaurus:CVCL_1897	U-2940
cellosaurus:CVCL_IR56	U3002MG
cellosaurus:CVCL_IR57	U3004MG
cellosaurus:CVCL_IR58	U3005MG
cellosaurus:CVCL_IR59	U3008MG
cellosaurus:CVCL_IR60	U3009MG
cellosaurus:CVCL_IR61	U3013MG
cellosaurus:CVCL_IR62	U3016MG
cellosaurus:CVCL_IR63	U3017MG
cellosaurus:CVCL_IR63	U3017MG
cellosaurus:CVCL_IR64	U3019MG
cellosaurus:CVCL_IR65	U3020MG
cellosaurus:CVCL_IR66	U3021MG
cellosaurus:CVCL_IR67	U3024MG
cellosaurus:CVCL_IR68	U3027MG
cellosaurus:CVCL_IR69	U3028MG
cellosaurus:CVCL_IR70	U3029MG
cellosaurus:CVCL_IR71	U3031MG
cellosaurus:CVCL_IR72	U3033MG
cellosaurus:CVCL_IR73	U3034MG
cellosaurus:CVCL_IR74	U3035MG
cellosaurus:CVCL_IR75	U3037MG
cellosaurus:CVCL_IR76	U3039MG
cellosaurus:CVCL_IR77	U3042MG
cellosaurus:CVCL_IR78	U3046MG
cellosaurus:CVCL_IR79	U3047MG
cellosaurus:CVCL_IR80	U3048MG
cellosaurus:CVCL_IR81	U3051MG
cellosaurus:CVCL_IR82	U3053MG
cellosaurus:CVCL_IR83	U3054MG
cellosaurus:CVCL_IR84	U3056MG
cellosaurus:CVCL_IR85	U3060MG
cellosaurus:CVCL_IR86	U3062MG
cellosaurus:CVCL_IR87	U3065MG
cellosaurus:CVCL_IR87	U3065MG
cellosaurus:CVCL_IR88	U3067MG
cellosaurus:CVCL_IR90	U3071MG
cellosaurus:CVCL_IR91	U3073MG
cellosaurus:CVCL_IR92	U3078MG
cellosaurus:CVCL_IR93	U3082MG
cellosaurus:CVCL_IR94	U3084MG
cellosaurus:CVCL_IR95	U3085MG
cellosaurus:CVCL_IR96	U3086MG
cellosaurus:CVCL_IR97	U3088MG
cellosaurus:CVCL_IR98	U3101MG
cellosaurus:CVCL_IR99	U3110MG
cellosaurus:CVCL_IS00	U3117MG
cellosaurus:CVCL_IS00	U3117MG
cellosaurus:CVCL_IS01	U3118MG
cellosaurus:CVCL_IS01	U3118MG
cellosaurus:CVCL_IS02	U3121MG
cellosaurus:CVCL_IS02	U3121MG
cellosaurus:CVCL_IS03	U3123MG
cellosaurus:CVCL_IS04	U3129MG
cellosaurus:CVCL_1779	UACC-257
cellosaurus:CVCL_1779	UACC-257
cellosaurus:CVCL_1779	UACC-257
cellosaurus:CVCL_1779	UACC-257
cellosaurus:CVCL_1779	UACC-257
cellosaurus:CVCL_1779	UACC-257
cellosaurus:CVCL_1779	UACC-257
cellosaurus:CVCL_1779	UACC-257
cellosaurus:CVCL_1779	UACC-257
cellosaurus:CVCL_1779	UACC-257
cellosaurus:CVCL_1779	UACC-257
cellosaurus:CVCL_1779	UACC-257
cellosaurus:CVCL_4042	UACC-3199
cellosaurus:CVCL_1781	UACC-812
cellosaurus:CVCL_1781	UACC-812
cellosaurus:CVCL_1781	UACC-812
cellosaurus:CVCL_1781	UACC-812
cellosaurus:CVCL_1781	UACC-812
cellosaurus:CVCL_1781	UACC-812
cellosaurus:CVCL_1781	UACC-812
cellosaurus:CVCL_1781	UACC-812
cellosaurus:CVCL_1781	UACC-812
cellosaurus:CVCL_1781	UACC-812
cellosaurus:CVCL_1781	UACC-812
cellosaurus:CVCL_1781	UACC-812
cellosaurus:CVCL_1782	UACC-893
cellosaurus:CVCL_1782	UACC-893
cellosaurus:CVCL_1782	UACC-893
cellosaurus:CVCL_1782	UACC-893
cellosaurus:CVCL_1782	UACC-893
cellosaurus:CVCL_1782	UACC-893
cellosaurus:CVCL_1782	UACC-893
cellosaurus:CVCL_1782	UACC-893
cellosaurus:CVCL_1782	UACC-893
cellosaurus:CVCL_1782	UACC-893
cellosaurus:CVCL_5381	UCI 107
cellosaurus:CVCL_E325	UD-SCC-2
cellosaurus:CVCL_2739	UM-RC-2
cellosaurus:CVCL_2739	UM-RC-2
cellosaurus:CVCL_2741	UM-RC-6
cellosaurus:CVCL_2741	UM-RC-6
cellosaurus:CVCL_7711	UM-SCC-103
cellosaurus:CVCL_7712	UM-SCC-104
cellosaurus:CVCL_0C69	UM-SCC-105
cellosaurus:CVCL_0C71	UM-SCC-108
cellosaurus:CVCL_7713	UM-SCC-10A
cellosaurus:CVCL_7714	UM-SCC-10B
cellosaurus:CVCL_0C73	UM-SCC-110
cellosaurus:CVCL_7715	UM-SCC-11A
cellosaurus:CVCL_7717	UM-SCC-12
cellosaurus:CVCL_7719	UM-SCC-14A
cellosaurus:CVCL_7725	UM-SCC-17B
cellosaurus:CVCL_7727	UM-SCC-19
cellosaurus:CVCL_7733	UM-SCC-23
cellosaurus:CVCL_7735	UM-SCC-25
cellosaurus:CVCL_7738	UM-SCC-28
cellosaurus:CVCL_7739	UM-SCC-29
cellosaurus:CVCL_7753	UM-SCC-41
cellosaurus:CVCL_7755	UM-SCC-43
cellosaurus:CVCL_7758	UM-SCC-46
cellosaurus:CVCL_7759	UM-SCC-47
cellosaurus:CVCL_7761	UM-SCC-49
cellosaurus:CVCL_7768	UM-SCC-55
cellosaurus:CVCL_7770	UM-SCC-57
cellosaurus:CVCL_7772	UM-SCC-59
cellosaurus:CVCL_7775	UM-SCC-69
cellosaurus:CVCL_7781	UM-SCC-8
cellosaurus:CVCL_7783	UM-SCC-81A
cellosaurus:CVCL_7784	UM-SCC-81B
cellosaurus:CVCL_7788	UM-SCC-85
cellosaurus:CVCL_7796	UM-SCC-92
cellosaurus:CVCL_7801	UM-SCC-97
cellosaurus:CVCL_2743	UM-UC-1
cellosaurus:CVCL_1784	UMC-11
cellosaurus:CVCL_1784	UMC-11
cellosaurus:CVCL_1911	UO-31
cellosaurus:CVCL_1911	UO-31
cellosaurus:CVCL_1911	UO-31
cellosaurus:CVCL_1911	UO-31
cellosaurus:CVCL_1911	UO-31
cellosaurus:CVCL_1911	UO-31
cellosaurus:CVCL_1911	UO-31
cellosaurus:CVCL_1911	UO-31
cellosaurus:CVCL_A480	UoC-M1
cellosaurus:CVCL_A795	UPN1
cellosaurus:CVCL_A796	UPN2
cellosaurus:CVCL_DG78	UPN251
cellosaurus:CVCL_DG78	UPN251
cellosaurus:CVCL_7811	UT-SCC-15
cellosaurus:CVCL_7814	UT-SCC-17
cellosaurus:CVCL_7820	UT-SCC-2
cellosaurus:CVCL_7825	UT-SCC-23
cellosaurus:CVCL_7828	UT-SCC-25
cellosaurus:CVCL_7833	UT-SCC-29
cellosaurus:CVCL_7855	UT-SCC-47
cellosaurus:CVCL_DH85	UTP-ES1
cellosaurus:CVCL_DF75	UTP-N-1
cellosaurus:CVCL_DF75	UTP-N-1
cellosaurus:CVCL_DH81	UW402
cellosaurus:CVCL_DG15	UW479
cellosaurus:CVCL_DG15	UW479
cellosaurus:CVCL_5393	VACO 10MS
cellosaurus:CVCL_8631	VACO 394
cellosaurus:CVCL_5400	VACO 400
cellosaurus:CVCL_8632	VACO 410
cellosaurus:CVCL_5401	VACO 429
cellosaurus:CVCL_5404	VACO 456
cellosaurus:CVCL_8641	VACO 503
cellosaurus:CVCL_DG24	VACO 531
cellosaurus:CVCL_5408	VACO 576
cellosaurus:CVCL_5412	VACO 9M
cellosaurus:CVCL_1819	VAL
cellosaurus:CVCL_1819	VAL
cellosaurus:CVCL_A731	VAMT-1
cellosaurus:CVCL_0106	VG-1
cellosaurus:CVCL_0106	VG-1
cellosaurus:CVCL_0106	VG-1
cellosaurus:CVCL_W084	VGE
cellosaurus:CVCL_9672	VH-64
cellosaurus:CVCL_3169	VL51
cellosaurus:CVCL_3169	VL51
cellosaurus:CVCL_1786	VM-CUB-1
cellosaurus:CVCL_1786	VM-CUB-1
cellosaurus:CVCL_1787	VMRC-LCD
cellosaurus:CVCL_1787	VMRC-LCD
cellosaurus:CVCL_1787	VMRC-LCD
cellosaurus:CVCL_1788	VMRC-LCP
cellosaurus:CVCL_1788	VMRC-LCP
cellosaurus:CVCL_1790	VMRC-RCW
cellosaurus:CVCL_1790	VMRC-RCW
cellosaurus:CVCL_1791	VMRC-RCZ
cellosaurus:CVCL_1791	VMRC-RCZ
cellosaurus:CVCL_D130	VP185
cellosaurus:CVCL_D130	VP185
cellosaurus:CVCL_2754	VP229
cellosaurus:CVCL_2754	VP229
cellosaurus:CVCL_2755	VP267
cellosaurus:CVCL_2755	VP267
cellosaurus:CVCL_2756	VP303
cellosaurus:CVCL_9717	WE-68
cellosaurus:CVCL_1792	WERI-Rb-1
cellosaurus:CVCL_1792	WERI-Rb-1
cellosaurus:CVCL_6958	Wien 133
cellosaurus:CVCL_0040	WM115
cellosaurus:CVCL_0040	WM115
cellosaurus:CVCL_0040	WM115
cellosaurus:CVCL_0040	WM115
cellosaurus:CVCL_0040	WM115
cellosaurus:CVCL_6785	WM1158
cellosaurus:CVCL_6785	WM1158
cellosaurus:CVCL_C265	WM1193C
cellosaurus:CVCL_C265	WM1193C
cellosaurus:CVCL_DG74	WM122
cellosaurus:CVCL_DG74	WM122
cellosaurus:CVCL_DG74	WM122
cellosaurus:CVCL_DG74	WM122
cellosaurus:CVCL_DG74	WM122
cellosaurus:CVCL_6786	WM1232
cellosaurus:CVCL_6786	WM1232
cellosaurus:CVCL_W886	WM1346
cellosaurus:CVCL_W886	WM1346
cellosaurus:CVCL_W886	WM1346
cellosaurus:CVCL_W886	WM1346
cellosaurus:CVCL_6788	WM1361A
cellosaurus:CVCL_6788	WM1361A
cellosaurus:CVCL_6788	WM1361A
cellosaurus:CVCL_6788	WM1361A
cellosaurus:CVCL_6788	WM1361A
cellosaurus:CVCL_6788	WM1361A
cellosaurus:CVCL_6789	WM1366
cellosaurus:CVCL_6789	WM1366
cellosaurus:CVCL_6789	WM1366
cellosaurus:CVCL_6789	WM1366
cellosaurus:CVCL_6789	WM1366
cellosaurus:CVCL_6789	WM1366
cellosaurus:CVCL_6789	WM1366
cellosaurus:CVCL_6789	WM1366
cellosaurus:CVCL_6789	WM1366
cellosaurus:CVCL_6789	WM1366
cellosaurus:CVCL_6789	WM1366
cellosaurus:CVCL_6789	WM1366
cellosaurus:CVCL_6789	WM1366
cellosaurus:CVCL_6789	WM1366
cellosaurus:CVCL_6789	WM1366
cellosaurus:CVCL_C266	WM139
cellosaurus:CVCL_6472	WM1552C
cellosaurus:CVCL_6472	WM1552C
cellosaurus:CVCL_6472	WM1552C
cellosaurus:CVCL_6472	WM1552C
cellosaurus:CVCL_6472	WM1552C
cellosaurus:CVCL_6791	WM1617
cellosaurus:CVCL_6791	WM1617
cellosaurus:CVCL_A339	WM1727A
cellosaurus:CVCL_A339	WM1727A
cellosaurus:CVCL_6792	WM1789
cellosaurus:CVCL_6792	WM1789
cellosaurus:CVCL_C267	WM1791A
cellosaurus:CVCL_6793	WM1791C
cellosaurus:CVCL_A341	WM1799
cellosaurus:CVCL_A341	WM1799
cellosaurus:CVCL_C268	WM1862
cellosaurus:CVCL_DI27	WM1942
cellosaurus:CVCL_0B66	WM1963
cellosaurus:CVCL_0B67	WM1985
cellosaurus:CVCL_0B67	WM1985
cellosaurus:CVCL_AP77	WM2013
cellosaurus:CVCL_0B68	WM2032
cellosaurus:CVCL_C269	WM209
cellosaurus:CVCL_2765	WM266-4
cellosaurus:CVCL_2765	WM266-4
cellosaurus:CVCL_2765	WM266-4
cellosaurus:CVCL_6473	WM278
cellosaurus:CVCL_6473	WM278
cellosaurus:CVCL_6473	WM278
cellosaurus:CVCL_6473	WM278
cellosaurus:CVCL_AP86	WM3000
cellosaurus:CVCL_DG75	WM3004
cellosaurus:CVCL_DG75	WM3004
cellosaurus:CVCL_6796	WM3060
cellosaurus:CVCL_6796	WM3060
cellosaurus:CVCL_C270	WM3066
cellosaurus:CVCL_C270	WM3066
cellosaurus:CVCL_C270	WM3066
cellosaurus:CVCL_DG76	WM3077
cellosaurus:CVCL_DG76	WM3077
cellosaurus:CVCL_L028	WM3208V
cellosaurus:CVCL_L028	WM3208V
cellosaurus:CVCL_L028	WM3208V
cellosaurus:CVCL_L028	WM3208V
cellosaurus:CVCL_6797	WM3211
cellosaurus:CVCL_6797	WM3211
cellosaurus:CVCL_6797	WM3211
cellosaurus:CVCL_6797	WM3211
cellosaurus:CVCL_6797	WM3211
cellosaurus:CVCL_6797	WM3211
cellosaurus:CVCL_6797	WM3211
cellosaurus:CVCL_6797	WM3211
cellosaurus:CVCL_6797	WM3211
cellosaurus:CVCL_6797	WM3211
cellosaurus:CVCL_6797	WM3211
cellosaurus:CVCL_6797	WM3211
cellosaurus:CVCL_6797	WM3211
cellosaurus:CVCL_AP88	WM3246
cellosaurus:CVCL_6798	WM3248
cellosaurus:CVCL_6798	WM3248
cellosaurus:CVCL_6798	WM3248
cellosaurus:CVCL_6798	WM3248
cellosaurus:CVCL_6798	WM3248
cellosaurus:CVCL_6798	WM3248
cellosaurus:CVCL_6798	WM3248
cellosaurus:CVCL_6798	WM3248
cellosaurus:CVCL_6798	WM3248
cellosaurus:CVCL_6798	WM3248
cellosaurus:CVCL_6798	WM3248
cellosaurus:CVCL_6798	WM3248
cellosaurus:CVCL_L031	WM3268
cellosaurus:CVCL_L031	WM3268
cellosaurus:CVCL_0B72	WM3311
cellosaurus:CVCL_C272	WM3438
cellosaurus:CVCL_C273	WM3451
cellosaurus:CVCL_C273	WM3451
cellosaurus:CVCL_AP95	WM3622
cellosaurus:CVCL_0B77	WM3702
cellosaurus:CVCL_2240	WM39
cellosaurus:CVCL_2240	WM39
cellosaurus:CVCL_2240	WM39
cellosaurus:CVCL_2240	WM39
cellosaurus:CVCL_C279	WM3918
cellosaurus:CVCL_6802	WM3928
cellosaurus:CVCL_6803	WM46
cellosaurus:CVCL_6803	WM46
cellosaurus:CVCL_C280	WM47
cellosaurus:CVCL_C280	WM47
cellosaurus:CVCL_6995	WM51
cellosaurus:CVCL_6995	WM51
cellosaurus:CVCL_7156	WM75
cellosaurus:CVCL_7156	WM75
cellosaurus:CVCL_7156	WM75
cellosaurus:CVCL_7156	WM75
cellosaurus:CVCL_C281	WM8
cellosaurus:CVCL_C281	WM8
cellosaurus:CVCL_C281	WM8
cellosaurus:CVCL_6804	WM852
cellosaurus:CVCL_6804	WM852
cellosaurus:CVCL_C283	WM858
cellosaurus:CVCL_C283	WM858
cellosaurus:CVCL_C283	WM858
cellosaurus:CVCL_6805	WM88
cellosaurus:CVCL_6805	WM88
cellosaurus:CVCL_6805	WM88
cellosaurus:CVCL_6805	WM88
cellosaurus:CVCL_6805	WM88
cellosaurus:CVCL_6805	WM88
cellosaurus:CVCL_6805	WM88
cellosaurus:CVCL_6805	WM88
cellosaurus:CVCL_6805	WM88
cellosaurus:CVCL_6805	WM88
cellosaurus:CVCL_6805	WM88
cellosaurus:CVCL_6805	WM88
cellosaurus:CVCL_6808	WM983A
cellosaurus:CVCL_6808	WM983A
cellosaurus:CVCL_6808	WM983A
cellosaurus:CVCL_6808	WM983A
cellosaurus:CVCL_6808	WM983A
cellosaurus:CVCL_A338	WM983C
cellosaurus:CVCL_A338	WM983C
cellosaurus:CVCL_A338	WM983C
cellosaurus:CVCL_A338	WM983C
cellosaurus:CVCL_A338	WM983C
cellosaurus:CVCL_A338	WM983C
cellosaurus:CVCL_A338	WM983C
cellosaurus:CVCL_A338	WM983C
cellosaurus:CVCL_A338	WM983C
cellosaurus:CVCL_A338	WM983C
cellosaurus:CVCL_LC74	WoWe
cellosaurus:CVCL_0582	WRO
cellosaurus:CVCL_1902	WSU-DLCL2
cellosaurus:CVCL_1793	WSU-NHL
cellosaurus:CVCL_U798	WW
cellosaurus:CVCL_5178	Y-MESO-12
cellosaurus:CVCL_5179	Y-MESO-14
cellosaurus:CVCL_5180	Y-MESO-21
cellosaurus:CVCL_5181	Y-MESO-22
cellosaurus:CVCL_5182	Y-MESO-25
cellosaurus:CVCL_5183	Y-MESO-26B
cellosaurus:CVCL_5184	Y-MESO-27
cellosaurus:CVCL_5185	Y-MESO-28
cellosaurus:CVCL_5186	Y-MESO-29
cellosaurus:CVCL_5187	Y-MESO-30
cellosaurus:CVCL_5189	Y-MESO-8D
cellosaurus:CVCL_5190	Y-MESO-9
cellosaurus:CVCL_1794	YAPC
cellosaurus:CVCL_1794	YAPC
cellosaurus:CVCL_1794	YAPC
cellosaurus:CVCL_9646	YCC-1
cellosaurus:CVCL_9646	YCC-1
cellosaurus:CVCL_9646	YCC-1
cellosaurus:CVCL_9647	YCC-10
cellosaurus:CVCL_9648	YCC-11
cellosaurus:CVCL_9648	YCC-11
cellosaurus:CVCL_9648	YCC-11
cellosaurus:CVCL_9649	YCC-16
cellosaurus:CVCL_9649	YCC-16
cellosaurus:CVCL_9649	YCC-16
cellosaurus:CVCL_9652	YCC-2
cellosaurus:CVCL_9652	YCC-2
cellosaurus:CVCL_9652	YCC-2
cellosaurus:CVCL_9654	YCC-21
cellosaurus:CVCL_9655	YCC-22
cellosaurus:CVCL_9662	YCC-6
cellosaurus:CVCL_9662	YCC-6
cellosaurus:CVCL_9662	YCC-6
cellosaurus:CVCL_9663	YCC-7
cellosaurus:CVCL_9663	YCC-7
cellosaurus:CVCL_9663	YCC-7
cellosaurus:CVCL_9663	YCC-7
cellosaurus:CVCL_9664	YCC-9
cellosaurus:CVCL_9664	YCC-9
cellosaurus:CVCL_9664	YCC-9
cellosaurus:CVCL_8929	YD-10B
cellosaurus:CVCL_8930	YD-15
cellosaurus:CVCL_E321	YES-1
cellosaurus:CVCL_1795	YH-13
cellosaurus:CVCL_1796	YKG-1
cellosaurus:CVCL_1796	YKG-1
cellosaurus:CVCL_B077	Z-138
cellosaurus:CVCL_9920	ZK-58
cellosaurus:CVCL_1661	ZR-75-30
cellosaurus:CVCL_1661	ZR-75-30
cellosaurus:CVCL_1661	ZR-75-30
cellosaurus:CVCL_1661	ZR-75-30
cellosaurus:CVCL_1661	ZR-75-30
cellosaurus:CVCL_1661	ZR-75-30
cellosaurus:CVCL_1661	ZR-75-30
cellosaurus:CVCL_1661	ZR-75-30
cellosaurus:CVCL_1661	ZR-75-30