pgxid	cell_line	description
pgxbs-kftvks8g	1321N1	Astrocytoma [cell line 1321N1]
pgxbs-kftvks8i	143B	Osteosarcoma [cell line 143B]
pgxbs-kftvks8k	22Rv1	Prostate carcinoma [cell line 22Rv1]
pgxbs-kftvks8l	23132/87	Gastric adenocarcinoma [cell line 23132/87]
pgxbs-kftvks8n	42-MG-BA	Glioblastoma [cell line 42-MG-BA]
pgxbs-kftvks8o	5637	Bladder carcinoma [cell line 5637]
pgxbs-kftvks8q	59M	High grade ovarian serous adenocarcinoma [cell line 59M]
pgxbs-kftvks8s	639V	Ureter urothelial carcinoma [cell line 639V]
pgxbs-kftvks8t	647V	Bladder carcinoma [cell line 647V]
pgxbs-kftvks8v	697	B acute lymphoblastic leukemia with t(1;19)(q23;p13.3) E2A-PBX1 (TCF3-PBX1) [cell line 697]
pgxbs-kftvks8w	769-P	Renal cell carcinoma [cell line 769-P]
pgxbs-kftvks8y	786-O	Renal cell carcinoma [cell line 786-O]
pgxbs-kftvks93	8-MG-BA	Glioblastoma [cell line 8-MG-BA]
pgxbs-kftvks90	8305C	Thyroid gland anaplastic carcinoma [cell line 8305C]
pgxbs-kftvks92	8505C	Thyroid gland anaplastic carcinoma [cell line 8505C]
pgxbs-kftvks96	A-172	Glioblastoma [cell line A-172]
pgxbs-kftvks98	A-204	Embryonal rhabdomyosarcoma [cell line A-204]
pgxbs-kftvks9b	A-253	Salivary gland squamous cell carcinoma [cell line A-253]
pgxbs-kftvks9f	A-375	Amelanotic melanoma [cell line A-375]
pgxbs-kftvks9i	A-498	Renal cell carcinoma [cell line A-498]
pgxbs-kftvks9l	A-549	Lung adenocarcinoma [cell line A-549]
pgxbs-kftvks9n	A-673	Ewing sarcoma [cell line A-673]
pgxbs-kftvks9o	A-704	Renal cell carcinoma [cell line A-704]
pgxbs-kftvks95	A101D	Melanoma [cell line A101D]
pgxbs-kftvks9a	A2058	Amelanotic melanoma [cell line A2058]
pgxbs-kftvks9d	A2780	Ovarian endometrioid adenocarcinoma [cell line A2780]
pgxbs-kftvks9g	A3/Kawakami	Diffuse large B-cell lymphoma [cell line A3/Kawakami]
pgxbs-kftvks9j	A4/Fukuda	Adult B acute lymphoblastic leukemia [cell line A4/Fukuda]
pgxbs-kftvks9q	ABC-1	Lung adenocarcinoma [cell line ABC-1]
pgxbs-kftvks9r	ACC-MESO-1	Pleural epithelioid mesothelioma [cell line ACC-MESO-1]
pgxbs-kftvks9t	ACHN	Papillary renal cell carcinoma [cell line ACHN]
pgxbs-kftvks9v	AGS	Gastric adenocarcinoma [cell line AGS]
pgxbs-kftvks9y	ALL-SIL	Childhood T acute lymphoblastic leukemia [cell line ALL-SIL]
pgxbs-kftvks9z	AM-38	Glioblastoma [cell line AM-38]
pgxbs-kftvksa1	AML-193	Childhood acute myeloid leukemia [cell line AML-193]
pgxbs-kftvksa3	AMO1	Plasma cell myeloma [cell line AMO1]
pgxbs-kftvksa4	AN3-CA	Endometrial adenocarcinoma [cell line AN3-CA]
pgxbs-kftvksa6	AsPC-1	Pancreatic ductal adenocarcinoma [cell line AsPC-1]
pgxbs-kftvksa7	AU565	Breast adenocarcinoma [cell line AU565]
pgxbs-kftvksa9	AZ-521	Duodenal adenocarcinoma [cell line AZ-521]
pgxbs-kftvksae	B-CPAP	Poorly differentiated thyroid gland carcinoma [cell line B-CPAP]
pgxbs-kftvksab	BC-3C	Bladder carcinoma [cell line BC-3C]
pgxbs-kftvksac	BCP-1	Primary effusion lymphoma [cell line BCP-1]
pgxbs-kftvksag	BDCM	Acute myeloid leukemia [cell line BDCM]
pgxbs-kftvksah	Becker	Astrocytoma [cell line Becker]
pgxbs-kftvksaj	BEN	Lung non-small cell carcinoma [cell line BEN]
pgxbs-kftvksak	BFTC-905	Bladder carcinoma [cell line BFTC-905]
pgxbs-kftvksam	BFTC-909	Renal pelvis and ureter urothelial carcinoma [cell line BFTC-909]
pgxbs-kftvksao	BHT-101	Thyroid gland anaplastic carcinoma [cell line BHT-101]
pgxbs-kftvksap	BHY	Head and neck squamous cell carcinoma [cell line BHY]
pgxbs-kftvksar	BICR 16	Tongue squamous cell carcinoma [cell line BICR 16]
pgxbs-kftvksat	BICR 18	Laryngeal squamous cell carcinoma [cell line BICR 18]
pgxbs-kftvksau	BICR 22	Tongue squamous cell carcinoma [cell line BICR 22]
pgxbs-kftvksaw	BICR 31	Tongue squamous cell carcinoma [cell line BICR 31]
pgxbs-kftvksax	BICR 56	Tongue squamous cell carcinoma [cell line BICR 56]
pgxbs-kftvksaz	BICR 6	Hypopharyngeal squamous cell carcinoma [cell line BICR 6]
pgxbs-kftvksb2	BL-41	Burkitt lymphoma [cell line BL-41]
pgxbs-kftvksb4	BL-70	Burkitt lymphoma [cell line BL-70]
pgxbs-kftvksb6	BT-20	Invasive breast carcinoma of no special type [cell line BT-20]
pgxbs-kftvksb8	BT-474	Invasive breast carcinoma of no special type [cell line BT-474]
pgxbs-kftvksb9	BT-483	Invasive breast carcinoma of no special type [cell line BT-483]
pgxbs-kftvksbb	BT-549	Invasive breast carcinoma of no special type [cell line BT-549]
pgxbs-kftvksbc	BV-173	Chronic myelogenous leukemia, BCR-ABL1 positive [cell line BV-173]
pgxbs-kftvksbe	BxPC-3	Pancreatic ductal adenocarcinoma [cell line BxPC-3]
pgxbs-kftvksbg	C2BBe1	Colon adenocarcinoma [cell line C2BBe1]
pgxbs-kftvksbh	C32 [Human melanoma]	Amelanotic melanoma [cell line C32 [Human melanoma]]
pgxbs-kftvksbk	CA46	Burkitt lymphoma [cell line CA46]
pgxbs-kftvksbm	CADO-ES1	Ewing sarcoma [cell line CADO-ES1]
pgxbs-kftvksbo	Caki-1	Clear cell renal cell carcinoma [cell line Caki-1]
pgxbs-kftvksbp	Caki-2	Papillary renal cell carcinoma [cell line Caki-2]
pgxbs-kftvksbr	CAL-120	Breast carcinoma [cell line CAL-120]
pgxbs-kftvksbs	CAL-12T	Lung non-small cell carcinoma [cell line CAL-12T]
pgxbs-kftvksbu	CAL-148	Breast carcinoma [cell line CAL-148]
pgxbs-kftvksbw	CAL-27	Tongue squamous cell carcinoma [cell line CAL-27]
pgxbs-kftvksbx	CAL-29	Bladder carcinoma [cell line CAL-29]
pgxbs-kftvksbz	CAL-33	Tongue squamous cell carcinoma [cell line CAL-33]
pgxbs-kftvksc0	CAL-51	Breast carcinoma [cell line CAL-51]
pgxbs-kftvksc2	CAL-54	Renal cell carcinoma [cell line CAL-54]
pgxbs-kftvksc4	CAL-62	Thyroid gland anaplastic carcinoma [cell line CAL-62]
pgxbs-kftvksc5	CAL-78	Dedifferentiated chondrosarcoma [cell line CAL-78]
pgxbs-kftvksc7	CAL-85-1	Breast carcinoma [cell line CAL-85-1]
pgxbs-kftvksc9	Calu-1	Lung squamous cell carcinoma [cell line Calu-1]
pgxbs-kftvkscb	Calu-3	Lung adenocarcinoma [cell line Calu-3]
pgxbs-kftvkscc	Calu-6	Lung adenocarcinoma [cell line Calu-6]
pgxbs-kftvksce	CAMA-1	Breast adenocarcinoma [cell line CAMA-1]
pgxbs-kftvkscg	Caov-3	High grade ovarian serous adenocarcinoma [cell line Caov-3]
pgxbs-kftvksch	Caov-4	High grade ovarian serous adenocarcinoma [cell line Caov-4]
pgxbs-kftvkscj	Capan-1	Pancreatic ductal adenocarcinoma [cell line Capan-1]
pgxbs-kftvkscl	Capan-2	Pancreatic ductal adenocarcinoma [cell line Capan-2]
pgxbs-kftvkscm	CAS-1	Glioblastoma [cell line CAS-1]
pgxbs-kftvksco	CCF-STTG1	Astrocytoma [cell line CCF-STTG1]
pgxbs-kftvkscq	CCK-81	Colon adenocarcinoma [cell line CCK-81]
pgxbs-kftvkscr	CFPAC-1	Cystic fibrosis [cell line CFPAC-1]
pgxbs-kftvksct	CGTH-W-1	Thyroid gland squamous cell carcinoma [cell line CGTH-W-1]
pgxbs-kftvkscv	ChaGo-K-1	Bronchogenic carcinoma [cell line ChaGo-K-1]
pgxbs-kftvkscw	CHL-1	Melanoma [cell line CHL-1]
pgxbs-kftvkscy	CHP-126	Neuroblastoma [cell line CHP-126]
pgxbs-kftvksd0	CHP-212	Neuroblastoma [cell line CHP-212]
pgxbs-kftvksd2	Ci-1	B-cell non-Hodgkin lymphoma [cell line Ci-1]
pgxbs-kftvksd5	CL-11	Colon adenocarcinoma [cell line CL-11]
pgxbs-kftvksd6	CL-14	Colon adenocarcinoma [cell line CL-14]
pgxbs-kftvksd8	CL-34	Colon adenocarcinoma [cell line CL-34]
pgxbs-kftvksda	CL-40	Colon adenocarcinoma [cell line CL-40]
pgxbs-kftvksdb	CMK	Down syndrome [cell line CMK]
pgxbs-kftvksdd	CMK-11-5	Down syndrome [cell line CMK-11-5]
pgxbs-kftvksde	CMK-86	Down syndrome [cell line CMK-86]
pgxbs-kftvksdg	CML-T1	Chronic myelogenous leukemia, BCR-ABL1 positive [cell line CML-T1]
pgxbs-kftvksdi	COLO 205	Colon adenocarcinoma [cell line COLO 205]
pgxbs-kftvksdj	COLO 320	Colon adenocarcinoma [cell line COLO 320]
pgxbs-kftvksdl	COLO 668	Lung small cell carcinoma [cell line COLO 668]
pgxbs-kftvksdm	COLO 678	Colon carcinoma [cell line COLO 678]
pgxbs-kftvksdo	COLO 679	Cutaneous melanoma [cell line COLO 679]
pgxbs-kftvksdq	COLO 680N	Esophageal squamous cell carcinoma [cell line COLO 680N]
pgxbs-kftvksdr	COLO 684	Endometrial adenocarcinoma [cell line COLO 684]
pgxbs-kftvksdt	COLO 704	High grade ovarian serous adenocarcinoma [cell line COLO 704]
pgxbs-kftvksdu	COLO 741	Melanoma [cell line COLO 741]
pgxbs-kftvksdw	COLO 775	Plasma cell myeloma [cell line COLO 775]
pgxbs-kftvksdy	COLO 783	Melanoma [cell line COLO 783]
pgxbs-kftvksdz	COLO 792	Melanoma [cell line COLO 792]
pgxbs-kftvkse1	COLO 800	Cutaneous melanoma [cell line COLO 800]
pgxbs-kftvkse2	COLO 818	Cutaneous melanoma [cell line COLO 818]
pgxbs-kftvkse4	COLO 829	Cutaneous melanoma [cell line COLO 829]
pgxbs-kftvkse6	COLO 849	Cutaneous melanoma [cell line COLO 849]
pgxbs-kftvkse7	COR-L105	Lung adenocarcinoma [cell line COR-L105]
pgxbs-kftvkse9	COR-L23	Lung large cell carcinoma [cell line COR-L23]
pgxbs-kftvksea	COR-L24	Lung small cell carcinoma [cell line COR-L24]
pgxbs-kftvksec	COR-L279	Lung small cell carcinoma [cell line COR-L279]
pgxbs-kftvksee	COR-L311	Lung small cell carcinoma [cell line COR-L311]
pgxbs-kftvksef	COR-L47	Lung small cell carcinoma [cell line COR-L47]
pgxbs-kftvkseh	COR-L51	Lung small cell carcinoma [cell line COR-L51]
pgxbs-kftvksei	COR-L88	Lung small cell carcinoma [cell line COR-L88]
pgxbs-kftvksek	COR-L95	Lung small cell carcinoma [cell line COR-L95]
pgxbs-kftvksem	COV318	High grade ovarian serous adenocarcinoma [cell line COV318]
pgxbs-kftvksen	COV362	High grade ovarian serous adenocarcinoma [cell line COV362]
pgxbs-kftvksep	COV434	Ovarian granulosa cell tumor [cell line COV434]
pgxbs-kftvkseq	COV504	Ovarian carcinoma [cell line COV504]
pgxbs-kftvkses	COV644	Ovarian mucinous adenocarcinoma [cell line COV644]
pgxbs-kftvkseu	CPC-N	Lung small cell carcinoma [cell line CPC-N]
pgxbs-kftvksev	CW-2	Colon adenocarcinoma [cell line CW-2]
pgxbs-kftvksex	D283 Med	Medulloblastoma [cell line D283 Med]
pgxbs-kftvksez	D341 Med	Medulloblastoma [cell line D341 Med]
pgxbs-kftvksf0	DAN-G	Pancreatic adenocarcinoma [cell line DAN-G]
pgxbs-kftvksf2	Daoy	Medulloblastoma [cell line Daoy]
pgxbs-kftvksf3	Daudi	EBV-related Burkitt lymphoma [cell line Daudi]
pgxbs-kftvksf5	DB	Diffuse large B-cell lymphoma germinal center B-cell type [cell line DB]
pgxbs-kftvksf6	DBTRG-05MG	Anaplastic astrocytoma [cell line DBTRG-05MG]
pgxbs-kftvksf8	DEL	Anaplastic large cell lymphoma, ALK-positive [cell line DEL]
pgxbs-kftvksfa	Detroit 562	Pharyngeal squamous cell carcinoma [cell line Detroit 562]
pgxbs-kftvksfb	DK-MG	Glioblastoma [cell line DK-MG]
pgxbs-kftvksfd	DLD-1	Colon adenocarcinoma [cell line DLD-1]
pgxbs-kftvksff	DM-3	Pleural sarcomatoid mesothelioma [cell line DM-3]
pgxbs-kftvksfg	DMS 114	Lung small cell carcinoma [cell line DMS 114]
pgxbs-kftvksfi	DMS 153	Lung small cell carcinoma [cell line DMS 153]
pgxbs-kftvksfk	DMS 273	Lung small cell carcinoma [cell line DMS 273]
pgxbs-kftvksfl	DMS 454	Lung small cell carcinoma [cell line DMS 454]
pgxbs-kftvksfn	DMS 53	Lung small cell carcinoma [cell line DMS 53]
pgxbs-kftvksfo	DMS 79	Lung small cell carcinoma [cell line DMS 79]
pgxbs-kftvksfq	DND-41	Childhood T acute lymphoblastic leukemia [cell line DND-41]
pgxbs-kftvksfs	DoHH2	Diffuse large B-cell lymphoma germinal center B-cell type [cell line DoHH2]
pgxbs-kftvksft	DU145	Prostate carcinoma [cell line DU145]
pgxbs-kftvksfv	DU4475	Breast carcinoma [cell line DU4475]
pgxbs-kftvksfx	DV-90	Lung adenocarcinoma [cell line DV-90]
pgxbs-kftvksfy	EB1	EBV-related Burkitt lymphoma [cell line EB1]
pgxbs-kftvksg0	EB2	EBV-related Burkitt lymphoma [cell line EB2]
pgxbs-kftvksg1	EBC-1	Lung squamous cell carcinoma [cell line EBC-1]
pgxbs-kftvksg6	EC-GI-10	Esophageal squamous cell carcinoma [cell line EC-GI-10]
pgxbs-kftvksg3	ECC10	Gastric small cell carcinoma [cell line ECC10]
pgxbs-kftvksg5	ECC12	Gastric small cell carcinoma [cell line ECC12]
pgxbs-kftvksg8	EFE-184	Endometrial carcinoma [cell line EFE-184]
pgxbs-kftvksg9	EFM-19	Breast ductal carcinoma [cell line EFM-19]
pgxbs-kftvksgb	EFM-192A	Breast carcinoma [cell line EFM-192A]
pgxbs-kftvksgd	EFO-21	Ovarian serous cystadenocarcinoma [cell line EFO-21]
pgxbs-kftvksge	EFO-27	Ovarian mucinous adenocarcinoma [cell line EFO-27]
pgxbs-kftvksgi	EJM	Plasma cell myeloma [cell line EJM]
pgxbs-kftvksgj	EM-2	Childhood chronic myelogenous leukemia, BCR-ABL1 positive [cell line EM-2]
pgxbs-kftvksgl	EN	Endometrial carcinoma [cell line EN]
pgxbs-kftvksgn	EoL-1	Chronic eosinophilic leukemia, not otherwise specified [cell line EoL-1]
pgxbs-kftvksgo	EPLC-272H	Lung mucoepidermoid carcinoma [cell line EPLC-272H]
pgxbs-kftvksgq	ES-2	Ovarian clear cell adenocarcinoma [cell line ES-2]
pgxbs-kftvksgs	ESS-1	Endometrioid stromal sarcoma [cell line ESS-1]
pgxbs-kftvksgt	Evsa-T	Breast carcinoma [cell line Evsa-T]
pgxbs-kftvksgy	F-36P	Myelodysplastic syndrome [cell line F-36P]
pgxbs-kftvksh2	FaDu	Hypopharyngeal squamous cell carcinoma [cell line FaDu]
pgxbs-kftvksh3	FTC-133	Thyroid gland follicular carcinoma [cell line FTC-133]
pgxbs-kftvksh5	FTC-238	Thyroid gland follicular carcinoma [cell line FTC-238]
pgxbs-kftvksh8	FU-OV-1	High grade ovarian serous adenocarcinoma [cell line FU-OV-1]
pgxbs-kftvksh7	Fu97	Gastric adenocarcinoma [cell line Fu97]
pgxbs-kftvksha	G-292 clone A141B1	Osteosarcoma [cell line G-292 clone A141B1]
pgxbs-kftvkshc	G-361	Melanoma [cell line G-361]
pgxbs-kftvkshd	G-401	Rhabdoid tumor of the kidney [cell line G-401]
pgxbs-kftvkshf	G-402	Kidney neoplasm [cell line G-402]
pgxbs-kftvkshh	GA-10	Adult Burkitt leukemia [cell line GA-10]
pgxbs-kftvkshi	GaMG	Glioblastoma [cell line GaMG]
pgxbs-kftvkshk	GB-1	Glioblastoma [cell line GB-1]
pgxbs-kftvkshl	GCIY	Gastric adenocarcinoma [cell line GCIY]
pgxbs-kftvkshn	GCT	Undifferentiated pleomorphic sarcoma [cell line GCT]
pgxbs-kftvkshp	GDM-1	Adult acute myeloid leukemia [cell line GDM-1]
pgxbs-kftvkshr	GI-1	Gliosarcoma [cell line GI-1]
pgxbs-kftvkshs	GMS-10	Glioblastoma [cell line GMS-10]
pgxbs-kftvkshu	GOS-3	Glioblastoma [cell line GOS-3]
pgxbs-kftvkshv	GP2d	Colon adenocarcinoma [cell line GP2d]
pgxbs-kftvkshz	GR-M	Pancreatic adenocarcinoma [cell line GR-M]
pgxbs-kftvkshx	Granta-519	Mantle cell lymphoma [cell line Granta-519]
pgxbs-kftvksi0	GSS	Gastric carcinoma [cell line GSS]
pgxbs-kftvksi2	GSU	Gastric carcinoma [cell line GSU]
pgxbs-kftvksi4	H4	Astrocytoma [cell line H4]
pgxbs-kftvksi5	HARA [Human squamous cell lung carcinoma]	Lung squamous cell carcinoma [cell line HARA [Human squamous cell lung carcinoma]]
pgxbs-kftvksjb	HCC-56	Colon adenocarcinoma [cell line HCC-56]
pgxbs-kftvksi7	HCC1143	Breast ductal carcinoma [cell line HCC1143]
pgxbs-kftvksi9	HCC1171	Lung adenocarcinoma [cell line HCC1171]
pgxbs-kftvksia	HCC1187	Breast ductal carcinoma [cell line HCC1187]
pgxbs-kftvksic	HCC1195	Lung adenosquamous carcinoma [cell line HCC1195]
pgxbs-kftvksid	HCC1395	Breast ductal carcinoma [cell line HCC1395]
pgxbs-kftvksif	HCC1419	Breast ductal carcinoma [cell line HCC1419]
pgxbs-kftvksih	HCC1428	Breast adenocarcinoma [cell line HCC1428]
pgxbs-kftvksii	HCC15	Lung squamous cell carcinoma [cell line HCC15]
pgxbs-kftvksik	HCC1500	Breast ductal carcinoma [cell line HCC1500]
pgxbs-kftvksil	HCC1569	Breast ductal carcinoma [cell line HCC1569]
pgxbs-kftvksin	HCC1599	Breast ductal carcinoma [cell line HCC1599]
pgxbs-kftvksip	HCC1806	Breast squamous cell carcinoma, acantholytic variant [cell line HCC1806]
pgxbs-kftvksis	HCC1937	Breast ductal carcinoma [cell line HCC1937]
pgxbs-kftvksit	HCC1954	Breast ductal carcinoma [cell line HCC1954]
pgxbs-kftvksiv	HCC202	Breast ductal carcinoma [cell line HCC202]
pgxbs-kftvksix	HCC2157	Breast ductal carcinoma [cell line HCC2157]
pgxbs-kftvksiy	HCC2218	Breast ductal carcinoma [cell line HCC2218]
pgxbs-kftvksj0	HCC2279	Lung adenosquamous carcinoma [cell line HCC2279]
pgxbs-kftvksj2	HCC2935	Lung adenocarcinoma [cell line HCC2935]
pgxbs-kftvksj3	HCC33	Lung small cell carcinoma [cell line HCC33]
pgxbs-kftvksj5	HCC366	Lung adenosquamous carcinoma [cell line HCC366]
pgxbs-kftvksj6	HCC38	Breast ductal carcinoma [cell line HCC38]
pgxbs-kftvksj8	HCC4006	Lung adenocarcinoma [cell line HCC4006]
pgxbs-kftvksja	HCC44	Lung adenocarcinoma [cell line HCC44]
pgxbs-kftvksjd	HCC70	Breast ductal carcinoma [cell line HCC70]
pgxbs-kftvksje	HCC78	Lung adenocarcinoma [cell line HCC78]
pgxbs-kftvksjg	HCC827	Lung adenocarcinoma [cell line HCC827]
pgxbs-kftvksji	HCC95	Lung squamous cell carcinoma [cell line HCC95]
pgxbs-kftvksjj	HCT 116	Colon carcinoma [cell line HCT 116]
pgxbs-kftvksjl	HCT 15	Colon adenocarcinoma [cell line HCT 15]
pgxbs-kftvksjo	HD-MY-Z	Adult acute myeloid leukemia [cell line HD-MY-Z]
pgxbs-kftvksjm	HDLM-2	Hodgkin lymphoma [cell line HDLM-2]
pgxbs-kftvksjq	HDQ-P1	Breast carcinoma [cell line HDQ-P1]
pgxbs-kftvksju	HEC-1-A	Endometrial adenocarcinoma [cell line HEC-1-A]
pgxbs-kftvksjw	HEC-1-B	Endometrial adenocarcinoma [cell line HEC-1-B]
pgxbs-kftvksjr	HEC-108	Endometrial adenocarcinoma [cell line HEC-108]
pgxbs-kftvksjt	HEC-151	Endometrial adenocarcinoma [cell line HEC-151]
pgxbs-kftvksjy	HEC-251	Endometrial carcinoma [cell line HEC-251]
pgxbs-kftvksjz	HEC-265	Endometrial adenocarcinoma [cell line HEC-265]
pgxbs-kftvksk1	HEC-50B	Endometrial adenocarcinoma [cell line HEC-50B]
pgxbs-kftvksk3	HEC-59	Endometrial adenocarcinoma [cell line HEC-59]
pgxbs-kftvksk4	HEC-6	Endometrial endometrioid adenocarcinoma, variant with squamous differentiation [cell line HEC-6]
pgxbs-kftvksk8	HEL	Erythroleukemia [cell line HEL]
pgxbs-kftvksk9	HEL 92.1.7	Erythroleukemia [cell line HEL 92.1.7]
pgxbs-kftvkskb	Hep 3B2.1-7	Childhood hepatocellular carcinoma [cell line Hep 3B2.1-7]
pgxbs-kftvkskc	Hep-G2	Hepatoblastoma [cell line Hep-G2]
pgxbs-kftvksbj	Hep-G2/C3A	Hepatoblastoma [cell line Hep-G2/C3A]
pgxbs-kftvkske	HEY A8	High grade ovarian serous adenocarcinoma [cell line HEY A8]
pgxbs-kftvkskg	HGC-27	Gastric carcinoma [cell line HGC-27]
pgxbs-kftvkskh	HH [Human lymphoma]	Primary cutaneous T-cell non-Hodgkin lymphoma [cell line HH [Human lymphoma]]
pgxbs-kftvkskk	HL-60	Adult acute myeloid leukemia [cell line HL-60]
pgxbs-kftvkskm	HLC-1	Lung adenocarcinoma [cell line HLC-1]
pgxbs-kftvksko	HLE	Adult hepatocellular carcinoma [cell line HLE]
pgxbs-kftvkskp	HLF	Adult hepatocellular carcinoma [cell line HLF]
pgxbs-kftvkskr	HLF-a	Lung squamous cell carcinoma [cell line HLF-a]
pgxbs-kftvkskt	HMC-1-8	Breast carcinoma [cell line HMC-1-8]
pgxbs-kftvksku	HMCB	Melanoma [cell line HMCB]
pgxbs-kftvkskx	HN	Oral cavity squamous cell carcinoma [cell line HN]
pgxbs-kftvkskz	HOS	Osteosarcoma [cell line HOS]
pgxbs-kftvksl1	HPAC	Pancreatic adenocarcinoma [cell line HPAC]
pgxbs-kftvksl2	HPAF-II	Pancreatic ductal adenocarcinoma [cell line HPAF-II]
pgxbs-kftvksl4	HPB-ALL	Childhood T acute lymphoblastic leukemia [cell line HPB-ALL]
pgxbs-kftvksl6	HRT-18	Colon adenocarcinoma [cell line HRT-18]
pgxbs-kftvksl7	Hs 172.T	Bladder carcinoma [cell line Hs 172.T]
pgxbs-kftvksl9	Hs 229.T	Lung adenocarcinoma [cell line Hs 229.T]
pgxbs-kftvkslb	Hs 274.T	Breast carcinoma [cell line Hs 274.T]
pgxbs-kftvkslc	Hs 281.T	Breast carcinoma [cell line Hs 281.T]
pgxbs-kftvksle	Hs 294T	Melanoma [cell line Hs 294T]
pgxbs-kftvkslg	Hs 343.T	Breast carcinoma [cell line Hs 343.T]
pgxbs-kftvkslh	Hs 571.T	Ovarian carcinoma [cell line Hs 571.T]
pgxbs-kftvkslj	Hs 578T	Invasive breast carcinoma of no special type [cell line Hs 578T]
pgxbs-kftvksll	Hs 600.T	Melanoma [cell line Hs 600.T]
pgxbs-kftvkslm	Hs 604.T	Hodgkin lymphoma [cell line Hs 604.T]
pgxbs-kftvkslo	Hs 606.T	Breast carcinoma [cell line Hs 606.T]
pgxbs-kftvkslq	Hs 611.T	Hodgkin lymphoma [cell line Hs 611.T]
pgxbs-kftvkslr	Hs 616.T	Hodgkin lymphoma [cell line Hs 616.T]
pgxbs-kftvkslt	Hs 618.T	Lung adenocarcinoma [cell line Hs 618.T]
pgxbs-kftvkslv	Hs 675.T	Colorectal carcinoma [cell line Hs 675.T]
pgxbs-kftvkslw	Hs 683	Oligodendroglioma [cell line Hs 683]
pgxbs-kftvksly	Hs 688(A).T	Melanoma [cell line Hs 688(A).T]
pgxbs-kftvksm0	Hs 695T	Amelanotic melanoma [cell line Hs 695T]
pgxbs-kftvksm1	Hs 698.T	Colorectal carcinoma [cell line Hs 698.T]
pgxbs-kftvksm3	Hs 706.T	Malignancy in giant cell tumor of bone [cell line Hs 706.T]
pgxbs-kftvksm5	Hs 729.T	Embryonal rhabdomyosarcoma [cell line Hs 729.T]
pgxbs-kftvksm6	Hs 737.T	Malignancy in giant cell tumor of bone [cell line Hs 737.T]
pgxbs-kftvksm8	Hs 739.T	Breast carcinoma [cell line Hs 739.T]
pgxbs-kftvksma	Hs 742.T	Breast carcinoma [cell line Hs 742.T]
pgxbs-kftvksmb	Hs 746.T	Gastric adenocarcinoma [cell line Hs 746.T]
pgxbs-kftvksmd	Hs 751.T	Hodgkin lymphoma [cell line Hs 751.T]
pgxbs-kftvksmf	Hs 766T	Pancreatic adenocarcinoma [cell line Hs 766T]
pgxbs-kftvksmg	Hs 819.T	Chondrosarcoma [cell line Hs 819.T]
pgxbs-kftvksmi	Hs 821.T	Malignancy in giant cell tumor of bone [cell line Hs 821.T]
pgxbs-kftvksmj	Hs 822.T	Ewing sarcoma [cell line Hs 822.T]
pgxbs-kftvksml	Hs 839.T	Melanoma [cell line Hs 839.T]
pgxbs-kftvksmn	Hs 840.T	Squamous cell papilloma [cell line Hs 840.T]
pgxbs-kftvksmo	Hs 852.T	Melanoma [cell line Hs 852.T]
pgxbs-kftvksmq	Hs 863.T	Ewing sarcoma [cell line Hs 863.T]
pgxbs-kftvksms	Hs 870.T	Osteosarcoma [cell line Hs 870.T]
pgxbs-kftvksmt	Hs 888.T	Osteosarcoma [cell line Hs 888.T]
pgxbs-kftvksmv	Hs 895.T	Melanoma [cell line Hs 895.T]
pgxbs-kftvksmw	Hs 934.T	Melanoma [cell line Hs 934.T]
pgxbs-kftvksmy	Hs 936.T	Melanoma [cell line Hs 936.T]
pgxbs-kftvksn0	Hs 939.T	Melanoma [cell line Hs 939.T]
pgxbs-kftvksn1	Hs 940.T	Cutaneous melanoma [cell line Hs 940.T]
pgxbs-kftvksn3	Hs 944.T	Cutaneous melanoma [cell line Hs 944.T]
pgxbs-kftvksn5	HSC-2	Oral cavity squamous cell carcinoma [cell line HSC-2]
pgxbs-kftvksn6	HSC-3	Tongue squamous cell carcinoma [cell line HSC-3]
pgxbs-kftvksn8	HSC-4	Tongue squamous cell carcinoma [cell line HSC-4]
pgxbs-kftvksna	HT	Diffuse large B-cell lymphoma germinal center B-cell type [cell line HT]
pgxbs-kftvksnb	HT-1080	Fibrosarcoma [cell line HT-1080]
pgxbs-kftvksne	HT-1197	Recurrent bladder carcinoma [cell line HT-1197]
pgxbs-kftvksng	HT-1376	Bladder carcinoma [cell line HT-1376]
pgxbs-kftvksni	HT-144	Melanoma [cell line HT-144]
pgxbs-kftvksnj	HT-29	Colon adenocarcinoma [cell line HT-29]
pgxbs-kftvksnl	HT-55	Colon carcinoma [cell line HT-55]
pgxbs-kftvksnd	HT115	Colon carcinoma [cell line HT115]
pgxbs-kftvksnm	HTK-	Osteosarcoma [cell line HTK-]
pgxbs-kftvksno	HuCC-T1	Intrahepatic cholangiocarcinoma [cell line HuCC-T1]
pgxbs-kftvksnq	HuG1-N	Gastric tubular adenocarcinoma [cell line HuG1-N]
pgxbs-kftvksnr	HuH-1	Adult hepatocellular carcinoma [cell line HuH-1]
pgxbs-kftvksnt	HuH-28	Intrahepatic cholangiocarcinoma [cell line HuH-28]
pgxbs-kftvksnu	HuH-6	Hepatoblastoma [cell line HuH-6]
pgxbs-kftvksnw	Huh-7	Adult hepatocellular carcinoma [cell line Huh-7]
pgxbs-kftvksnz	HuP-T3	Pancreatic adenocarcinoma [cell line HuP-T3]
pgxbs-kftvkso1	HuP-T4	Pancreatic adenocarcinoma [cell line HuP-T4]
pgxbs-kftvkso3	HuT 102	Mycosis fungoides and Sezary syndrome [cell line HuT 102]
pgxbs-kftvkso4	HuT 78	Mycosis fungoides and Sezary syndrome [cell line HuT 78]
pgxbs-kftvkso6	HuTu 80	Duodenal adenocarcinoma [cell line HuTu 80]
pgxbs-kftvkso7	IA-LM	Lung large cell carcinoma [cell line IA-LM]
pgxbs-kftvkso9	IGR-1	Melanoma [cell line IGR-1]
pgxbs-kftvksoa	IGR-37	Melanoma [cell line IGR-37]
pgxbs-kftvksoc	IGR-39	Melanoma [cell line IGR-39]
pgxbs-kftvksoe	IGROV-1	Ovarian endometrioid adenocarcinoma [cell line IGROV-1]
pgxbs-kftvksof	IM95	Gastric adenocarcinoma [cell line IM95]
pgxbs-kftvksoh	IMR-32	Neuroblastoma [cell line IMR-32]
pgxbs-kftvksoj	IPC-298	Cutaneous melanoma [cell line IPC-298]
pgxbs-kftvksok	Ishikawa (Heraklio) 02 ER-	Endometrial adenocarcinoma [cell line Ishikawa (Heraklio) 02 ER-]
pgxbs-kftvkson	IST-Mes2	Pleural epithelioid mesothelioma [cell line IST-Mes2]
pgxbs-kftvksop	J82	Bladder carcinoma [cell line J82]
pgxbs-kftvksor	JeKo-1	Mantle cell lymphoma [cell line JeKo-1]
pgxbs-kftvksos	JHH-1	Hepatitis C infection [cell line JHH-1]
pgxbs-kftvksou	JHH-2	Adult hepatocellular carcinoma [cell line JHH-2]
pgxbs-kftvksow	JHH-4	Hepatitis C infection [cell line JHH-4]
pgxbs-kftvksox	JHH-5	Adult hepatocellular carcinoma [cell line JHH-5]
pgxbs-kftvksoz	JHH-6	Hepatitis C infection [cell line JHH-6]
pgxbs-kftvksp0	JHH-7	Adult hepatocellular carcinoma [cell line JHH-7]
pgxbs-kftvksp2	JHOC-5	Ovarian clear cell adenocarcinoma [cell line JHOC-5]
pgxbs-kftvksp4	JHOM-1	Ovarian mucinous adenocarcinoma [cell line JHOM-1]
pgxbs-kftvksp5	JHOM-2B	Ovarian mucinous adenocarcinoma [cell line JHOM-2B]
pgxbs-kftvksp7	JHOS-2	High grade ovarian serous adenocarcinoma [cell line JHOS-2]
pgxbs-kftvksp9	JHOS-4	High grade ovarian serous adenocarcinoma [cell line JHOS-4]
pgxbs-kftvkspa	JHUEM-1	Endometrial adenocarcinoma [cell line JHUEM-1]
pgxbs-kftvkspc	JHUEM-2	Endometrial adenocarcinoma [cell line JHUEM-2]
pgxbs-kftvkspe	JHUEM-3	Endometrial adenocarcinoma [cell line JHUEM-3]
pgxbs-kftvkspf	JHUEM-7	Endometrial adenocarcinoma [cell line JHUEM-7]
pgxbs-kftvksph	JIMT-1	Breast ductal carcinoma [cell line JIMT-1]
pgxbs-kftvkspi	JK-1	Chronic myelogenous leukemia, BCR-ABL1 positive [cell line JK-1]
pgxbs-kftvkspk	JL-1	Pleural epithelioid mesothelioma [cell line JL-1]
pgxbs-kftvkspm	JM-1	B acute lymphoblastic leukemia [cell line JM-1]
pgxbs-kftvkspn	JMSU-1	Bladder carcinoma [cell line JMSU-1]
pgxbs-kftvkspp	Jurkat	Childhood T acute lymphoblastic leukemia [cell line Jurkat]
pgxbs-kftvkspq	JURL-MK1	Chronic myelogenous leukemia, BCR-ABL1 positive [cell line JURL-MK1]
pgxbs-kftvksps	JVM-2	Mantle cell lymphoma [cell line JVM-2]
pgxbs-kftvkspu	JVM-3	B-cell prolymphocytic leukemia [cell line JVM-3]
pgxbs-kftvkspx	K-562	Blast phase chronic myelogenous leukemia, BCR-ABL1 positive [cell line K-562]
pgxbs-kftvkspv	K029AX	Cutaneous melanoma [cell line K029AX]
pgxbs-kftvkspz	KALS-1	Glioblastoma [cell line KALS-1]
pgxbs-kftvksq0	Karpas-299	Anaplastic large cell lymphoma, ALK-positive [cell line Karpas-299]
pgxbs-kftvksq2	Karpas-422	Diffuse large B-cell lymphoma germinal center B-cell type [cell line Karpas-422]
pgxbs-kftvksq4	Karpas-620	Plasma cell myeloma [cell line Karpas-620]
pgxbs-kftvksq5	Kasumi-1	Childhood acute myeloid leukemia with maturation [cell line Kasumi-1]
pgxbs-kftvksq7	Kasumi-2	B acute lymphoblastic leukemia with t(1;19)(q23;p13.3) E2A-PBX1 (TCF3-PBX1) [cell line Kasumi-2]
pgxbs-kftvksq8	Kasumi-6	Adult acute myeloid leukemia [cell line Kasumi-6]
pgxbs-kftvksqa	KATO III	Down syndrome [cell line KATO III]
pgxbs-kftvksqc	KCI-MOH1	Pancreatic adenocarcinoma [cell line KCI-MOH1]
pgxbs-kftvksqd	KCL-22	Chronic myelogenous leukemia, BCR-ABL1 positive [cell line KCL-22]
pgxbs-kftvksqf	KE-37	Adult T acute lymphoblastic leukemia [cell line KE-37]
pgxbs-kftvksqg	KE-39	Gastric adenocarcinoma [cell line KE-39]
pgxbs-kftvksqk	Kelly	Neuroblastoma [cell line Kelly]
pgxbs-kftvksql	KG-1	Adult acute myeloid leukemia [cell line KG-1]
pgxbs-kftvksqn	KG-1-C	Oligodendroglioma [cell line KG-1-C]
pgxbs-kftvksqo	KHM-1B	Plasma cell myeloma [cell line KHM-1B]
pgxbs-kftvksqq	Ki-JK	Anaplastic large cell lymphoma, ALK-positive [cell line Ki-JK]
pgxbs-kftvksqs	KLE	Endometrial adenocarcinoma [cell line KLE]
pgxbs-kftvksqt	KLM-1	Pancreatic ductal adenocarcinoma [cell line KLM-1]
pgxbs-kftvksqy	KM-H2	Hodgkin lymphoma [cell line KM-H2]
pgxbs-kftvksqv	KM12	Colon carcinoma [cell line KM12]
pgxbs-kftvksqw	KMBC-2	Bladder carcinoma [cell line KMBC-2]
pgxbs-kftvksr0	KMM-1	Plasma cell myeloma [cell line KMM-1]
pgxbs-kftvksr1	KMRC-1	Clear cell renal cell carcinoma [cell line KMRC-1]
pgxbs-kftvksr3	KMRC-2	Clear cell renal cell carcinoma [cell line KMRC-2]
pgxbs-kftvksr4	KMRC-20	Clear cell renal cell carcinoma [cell line KMRC-20]
pgxbs-kftvksr6	KMRC-3	Clear cell renal cell carcinoma [cell line KMRC-3]
pgxbs-kftvksr8	KMS-11	Plasma cell myeloma [cell line KMS-11]
pgxbs-kftvksr9	KMS-12-BM	Plasma cell myeloma [cell line KMS-12-BM]
pgxbs-kftvksrc	KMS-20	Plasma cell myeloma [cell line KMS-20]
pgxbs-kftvksrg	KMS-26	Plasma cell myeloma [cell line KMS-26]
pgxbs-kftvksrh	KMS-27	Plasma cell myeloma [cell line KMS-27]
pgxbs-kftvksrj	KMS-28BM	Plasma cell myeloma [cell line KMS-28BM]
pgxbs-kftvksrk	KMS-34	Plasma cell myeloma [cell line KMS-34]
pgxbs-kftvksrm	KNS-42	Glioblastoma [cell line KNS-42]
pgxbs-kftvksro	KNS-60	Glioblastoma [cell line KNS-60]
pgxbs-kftvksrp	KNS-62	Lung squamous cell carcinoma [cell line KNS-62]
pgxbs-kftvksrr	KNS-81	Glioblastoma [cell line KNS-81]
pgxbs-kftvksrt	KO52	Adult acute myeloid leukemia [cell line KO52]
pgxbs-kftvksru	KOPN-8	Childhood B acute lymphoblastic leukemia [cell line KOPN-8]
pgxbs-kftvksrw	KP-2	Pancreatic carcinoma [cell line KP-2]
pgxbs-kftvksry	KP-3	Pancreatic adenosquamous carcinoma [cell line KP-3]
pgxbs-kftvksrz	KP-4	Pancreatic carcinoma [cell line KP-4]
pgxbs-kftvkss3	KP-N-RT-BM-1	Adrenal gland neuroblastoma [cell line KP-N-RT-BM-1]
pgxbs-kftvkss4	KP-N-SI9s	Adrenal gland neuroblastoma [cell line KP-N-SI9s]
pgxbs-kftvkss6	KP-N-YN	Adrenal gland neuroblastoma [cell line KP-N-YN]
pgxbs-kftvkss1	KPL-1	Invasive breast carcinoma of no special type [cell line KPL-1]
pgxbs-kftvkss7	KS-1 [Human glioblastoma]	Glioblastoma [cell line KS-1 [Human glioblastoma]]
pgxbs-kftvkss9	KU-19-19	Bladder carcinoma [cell line KU-19-19]
pgxbs-kftvkssb	Ku812	Chronic myelogenous leukemia, BCR-ABL1 positive [cell line Ku812]
pgxbs-kftvkssc	Kuramochi	High grade ovarian serous adenocarcinoma [cell line Kuramochi]
pgxbs-kftvksse	KYM-1	Embryonal rhabdomyosarcoma [cell line KYM-1]
pgxbs-kftvkssf	KYO-1	Chronic myelogenous leukemia, BCR-ABL1 positive [cell line KYO-1]
pgxbs-kftvkssh	KYSE-140	Esophageal squamous cell carcinoma [cell line KYSE-140]
pgxbs-kftvkssj	KYSE-150	Esophageal squamous cell carcinoma [cell line KYSE-150]
pgxbs-kftvkssk	KYSE-180	Esophageal squamous cell carcinoma [cell line KYSE-180]
pgxbs-kftvkssm	KYSE-270	Esophageal squamous cell carcinoma [cell line KYSE-270]
pgxbs-kftvkssn	KYSE-30	Esophageal squamous cell carcinoma [cell line KYSE-30]
pgxbs-kftvkssp	KYSE-410	Esophageal squamous cell carcinoma [cell line KYSE-410]
pgxbs-kftvkssr	KYSE-450	Esophageal squamous cell carcinoma [cell line KYSE-450]
pgxbs-kftvksss	KYSE-510	Esophageal squamous cell carcinoma [cell line KYSE-510]
pgxbs-kftvkssu	KYSE-520	Esophageal squamous cell carcinoma [cell line KYSE-520]
pgxbs-kftvkssw	KYSE-70	Esophageal squamous cell carcinoma [cell line KYSE-70]
pgxbs-kftvkssy	L-1236	Hodgkin lymphoma [cell line L-1236]
pgxbs-kftvkst1	L-363	Plasma cell myeloma [cell line L-363]
pgxbs-kftvkst3	L-428	Hodgkin lymphoma [cell line L-428]
pgxbs-kftvkst4	L-540	Hodgkin lymphoma [cell line L-540]
pgxbs-kftvkssz	L3.3	Pancreatic adenosquamous carcinoma [cell line L3.3]
pgxbs-kftvkst6	LAMA-84	Chronic myelogenous leukemia, BCR-ABL1 positive [cell line LAMA-84]
pgxbs-kftvkst9	LC-1/sq-SF	Lung squamous cell carcinoma [cell line LC-1/sq-SF]
pgxbs-kftvkst8	LC-1F	Lung squamous cell carcinoma [cell line LC-1F]
pgxbs-kftvkstb	LCLC-103H	Lung large cell carcinoma [cell line LCLC-103H]
pgxbs-kftvkstd	LCLC-97TM1	Lung large cell carcinoma [cell line LCLC-97TM1]
pgxbs-kftvkste	Li-7	Adult hepatocellular carcinoma [cell line Li-7]
pgxbs-kftvkstg	LK-2	Lung squamous cell carcinoma [cell line LK-2]
pgxbs-kftvksti	LMSU	Gastric carcinoma [cell line LMSU]
pgxbs-kftvkstj	LN-18	Glioblastoma [cell line LN-18]
pgxbs-kftvkstl	LN-229	Glioblastoma [cell line LN-229]
pgxbs-kftvkstn	LNCaP clone FGC	Prostate carcinoma [cell line LNCaP clone FGC]
pgxbs-kftvkstq	LOU-NH91	Lung squamous cell carcinoma [cell line LOU-NH91]
pgxbs-kftvksto	Loucy	Adult T acute lymphoblastic leukemia [cell line Loucy]
pgxbs-kftvksts	LoVo	Colon adenocarcinoma [cell line LoVo]
pgxbs-kftvkstt	LOX-IMVI	Amelanotic melanoma [cell line LOX-IMVI]
pgxbs-kftvkstv	LP-1	Plasma cell myeloma [cell line LP-1]
pgxbs-kftvkstw	LS1034	Cecum adenocarcinoma [cell line LS1034]
pgxbs-kftvksty	LS123	Colon adenocarcinoma [cell line LS123]
pgxbs-kftvksu0	LS180	Colon adenocarcinoma [cell line LS180]
pgxbs-kftvksu1	LS411N	Cecum adenocarcinoma [cell line LS411N]
pgxbs-kftvksu3	LS513	Cecum adenocarcinoma [cell line LS513]
pgxbs-kftvksu5	Lu-65	Lung giant cell carcinoma [cell line Lu-65]
pgxbs-kftvksu6	Lu-99	Lung giant cell carcinoma [cell line Lu-99]
pgxbs-kftvksu8	LUDLU-1	Lung squamous cell carcinoma [cell line LUDLU-1]
pgxbs-kftvksua	LXF 289	Lung adenocarcinoma [cell line LXF 289]
pgxbs-kftvksud	M-07e	Childhood acute megakaryoblastic leukemia [cell line M-07e]
pgxbs-kftvksub	M059K	Glioblastoma [cell line M059K]
pgxbs-kftvksuf	Malme-3M	Melanoma [cell line Malme-3M]
pgxbs-kftvksug	MC116	B-cell non-Hodgkin lymphoma [cell line MC116]
pgxbs-kftvksui	MCAS	Ovarian mucinous cystadenocarcinoma [cell line MCAS]
pgxbs-kftvksuj	-MCF 7.00	Invasive breast carcinoma of no special type [cell line MCF-7]
pgxbs-kftvksul	MDA-MB-134-VI	Invasive breast lobular carcinoma [cell line MDA-MB-134-VI]
pgxbs-kftvksun	MDA-MB-157	Breast carcinoma [cell line MDA-MB-157]
pgxbs-kftvksuo	MDA-MB-175-VII	Invasive breast carcinoma of no special type [cell line MDA-MB-175-VII]
pgxbs-kftvksuq	MDA-MB-231	Breast adenocarcinoma [cell line MDA-MB-231]
pgxbs-kftvksur	MDA-MB-361	Breast adenocarcinoma [cell line MDA-MB-361]
pgxbs-kftvksut	MDA-MB-415	Breast adenocarcinoma [cell line MDA-MB-415]
pgxbs-kftvksuv	MDA-MB-435S	Amelanotic melanoma [cell line MDA-MB-435S]
pgxbs-kftvksuw	MDA-MB-436	Invasive breast carcinoma of no special type [cell line MDA-MB-436]
pgxbs-kftvksuy	MDA-MB-453	Breast adenocarcinoma [cell line MDA-MB-453]
pgxbs-kftvksv0	MDA-MB-468	Breast adenocarcinoma [cell line MDA-MB-468]
pgxbs-kftvksv1	MDA-PCa-2b	Prostate carcinoma [cell line MDA-PCa-2b]
pgxbs-kftvksv3	MDST8	Colon carcinoma [cell line MDST8]
pgxbs-kftvksv5	ME-1 [Human leukemia]	Adult acute myeloid leukemia [cell line ME-1 [Human leukemia]]
pgxbs-kftvksv6	MEC-1	Chronic lymphocytic leukemia [cell line MEC-1]
pgxbs-kftvksv8	MEC-2	Chronic lymphocytic leukemia [cell line MEC-2]
pgxbs-kftvksv9	MEG-01	Blast phase chronic myelogenous leukemia, BCR-ABL1 positive [cell line MEG-01]
pgxbs-kftvksvb	Mel Ho	Melanoma [cell line Mel Ho]
pgxbs-kftvksvd	Mel JuSo	Cutaneous melanoma [cell line Mel JuSo]
pgxbs-kftvksve	MES-SA	Uterine corpus sarcoma [cell line MES-SA]
pgxbs-kftvksvg	MeWo	Cutaneous melanoma [cell line MeWo]
pgxbs-kftvksvh	MFE-280	Endometrial adenocarcinoma [cell line MFE-280]
pgxbs-kftvksvj	MFE-296	Endometrial adenocarcinoma [cell line MFE-296]
pgxbs-kftvksvl	MFE-319	Endometrial adenosquamous carcinoma [cell line MFE-319]
pgxbs-kftvksvm	MG-63	Osteosarcoma [cell line MG-63]
pgxbs-kftvksvo	MHH-CALL-2	Childhood B acute lymphoblastic leukemia [cell line MHH-CALL-2]
pgxbs-kftvksvp	MHH-CALL-3	Childhood B acute lymphoblastic leukemia [cell line MHH-CALL-3]
pgxbs-kftvksvr	MHH-CALL-4	Childhood B acute lymphoblastic leukemia [cell line MHH-CALL-4]
pgxbs-kftvksvt	MHH-ES-1	Ewing sarcoma [cell line MHH-ES-1]
pgxbs-kftvksvu	MHH-NB-11	Neuroblastoma [cell line MHH-NB-11]
pgxbs-kftvksvw	MIA PaCa-2	Pancreatic ductal adenocarcinoma [cell line MIA PaCa-2]
pgxbs-kftvksvx	Mino	Mantle cell lymphoma [cell line Mino]
pgxbs-kftvksvz	MJ	Primary cutaneous T-cell non-Hodgkin lymphoma [cell line MJ]
pgxbs-kftvksw1	MKN 1.00	Gastric adenosquamous carcinoma [cell line MKN1]
pgxbs-kftvksw2	MKN 45.00	Gastric adenocarcinoma [cell line MKN45]
pgxbs-kftvksw4	MKN 7.00	Gastric tubular adenocarcinoma [cell line MKN7]
pgxbs-kftvksw5	MKN 74.00	Gastric tubular adenocarcinoma [cell line MKN74]
pgxbs-kftvksw9	MM1.S	Plasma cell myeloma [cell line MM1.S]
pgxbs-kftvkswa	MOG-G-CCM	Anaplastic astrocytoma [cell line MOG-G-CCM]
pgxbs-kftvkswc	MOG-G-UVW	Anaplastic astrocytoma [cell line MOG-G-UVW]
pgxbs-kftvkswd	MOLM-13	Adult acute myeloid leukemia [cell line MOLM-13]
pgxbs-kftvkswf	MOLM-16	Adult acute myeloid leukemia [cell line MOLM-16]
pgxbs-kftvkswh	MOLM-6	Chronic myelogenous leukemia, BCR-ABL1 positive [cell line MOLM-6]
pgxbs-kftvkswi	MOLP-2	Plasma cell myeloma [cell line MOLP-2]
pgxbs-kftvkswk	MOLP-8	Plasma cell myeloma [cell line MOLP-8]
pgxbs-kftvkswm	MOLT-13	Childhood T acute lymphoblastic leukemia [cell line MOLT-13]
pgxbs-kftvkswn	MOLT-16	Childhood T acute lymphoblastic leukemia [cell line MOLT-16]
pgxbs-kftvkswp	MOLT-4	Adult T acute lymphoblastic leukemia [cell line MOLT-4]
pgxbs-kftvkswr	Mono-Mac-1	Adult acute monocytic leukemia [cell line Mono-Mac-1]
pgxbs-kftvksws	Mono-Mac-6	Adult acute monocytic leukemia [cell line Mono-Mac-6]
pgxbs-kftvkswu	MOR/CPR	Lung adenocarcinoma [cell line MOR/CPR]
pgxbs-kftvkswv	MOTN-1	T-cell large granular lymphocyte leukemia [cell line MOTN-1]
pgxbs-kftvkswx	MPP 89	Pleural epithelioid mesothelioma [cell line MPP 89]
pgxbs-kftvkswz	MSTO-211H	Pleural biphasic mesothelioma [cell line MSTO-211H]
pgxbs-kftvksx0	MUTZ-5	B acute lymphoblastic leukemia [cell line MUTZ-5]
pgxbs-kftvksx2	MV4-11	Childhood acute monocytic leukemia [cell line MV4-11]
pgxbs-kftvksx4	NALM-1	Childhood chronic myelogenous leukemia, BCR-ABL1 positive [cell line NALM-1]
pgxbs-kftvksx5	NALM-19	B acute lymphoblastic leukemia [cell line NALM-19]
pgxbs-kftvksx7	NALM-6	Adult B acute lymphoblastic leukemia [cell line NALM-6]
pgxbs-kftvksx9	Namalwa	EBV-related Burkitt lymphoma [cell line Namalwa]
pgxbs-kftvksxa	NB1	Neuroblastoma [cell line NB1]
pgxbs-kftvksxc	NB4	Acute promyelocytic leukemia with PML-RARA [cell line NB4]
pgxbs-kftvksxe	NCC-StC-K140	Gastric carcinoma [cell line NCC-StC-K140]
pgxbs-kftvksxf	NCI-H1048	Lung small cell carcinoma [cell line NCI-H1048]
pgxbs-kftvksxh	NCI-H1092	Lung small cell carcinoma [cell line NCI-H1092]
pgxbs-kftvksxi	NCI-H1105	Lung small cell carcinoma [cell line NCI-H1105]
pgxbs-kftvksxk	NCI-H1155	Lung large cell carcinoma [cell line NCI-H1155]
pgxbs-kftvksxm	NCI-H1184	Lung small cell carcinoma [cell line NCI-H1184]
pgxbs-kftvksxn	NCI-H1299	Lung large cell carcinoma [cell line NCI-H1299]
pgxbs-kftvksxq	NCI-H1341	Lung small cell carcinoma [cell line NCI-H1341]
pgxbs-kftvksxs	NCI-H1355	Lung adenocarcinoma [cell line NCI-H1355]
pgxbs-kftvksxu	NCI-H1373	Lung adenocarcinoma [cell line NCI-H1373]
pgxbs-kftvksxv	NCI-H1385	Lung squamous cell carcinoma [cell line NCI-H1385]
pgxbs-kftvksxx	NCI-H1395	Lung adenocarcinoma [cell line NCI-H1395]
pgxbs-kftvksxy	NCI-H1435	Lung adenocarcinoma [cell line NCI-H1435]
pgxbs-kftvksy0	NCI-H1436	Lung small cell carcinoma [cell line NCI-H1436]
pgxbs-kftvksy2	NCI-H1437	Lung adenocarcinoma [cell line NCI-H1437]
pgxbs-kftvksy3	NCI-H146	Lung small cell carcinoma [cell line NCI-H146]
pgxbs-kftvksy5	NCI-H1563	Lung adenocarcinoma [cell line NCI-H1563]
pgxbs-kftvksy6	NCI-H1568	Lung adenocarcinoma [cell line NCI-H1568]
pgxbs-kftvksy8	NCI-H1573	Lung adenocarcinoma [cell line NCI-H1573]
pgxbs-kftvksya	NCI-H1581	Lung large cell carcinoma [cell line NCI-H1581]
pgxbs-kftvksyb	NCI-H1618	Lung small cell carcinoma [cell line NCI-H1618]
pgxbs-kftvksyd	NCI-H1623	Lung adenocarcinoma [cell line NCI-H1623]
pgxbs-kftvksye	NCI-H1648	Lung adenocarcinoma [cell line NCI-H1648]
pgxbs-kftvksyg	NCI-H1650	Minimally invasive lung adenocarcinoma [cell line NCI-H1650]
pgxbs-kftvksyi	NCI-H1651	Lung adenocarcinoma [cell line NCI-H1651]
pgxbs-kftvksyj	NCI-H1666	Minimally invasive lung adenocarcinoma [cell line NCI-H1666]
pgxbs-kftvksyl	NCI-H1693	Lung adenocarcinoma [cell line NCI-H1693]
pgxbs-kftvksyn	NCI-H1694	Lung small cell carcinoma [cell line NCI-H1694]
pgxbs-kftvksyo	NCI-H1703	Lung squamous cell carcinoma [cell line NCI-H1703]
pgxbs-kftvksyq	NCI-H1734	Lung adenocarcinoma [cell line NCI-H1734]
pgxbs-kftvksyr	NCI-H1755	Lung adenocarcinoma [cell line NCI-H1755]
pgxbs-kftvksyt	NCI-H1781	Minimally invasive lung adenocarcinoma [cell line NCI-H1781]
pgxbs-kftvksyv	NCI-H1792	Lung adenocarcinoma [cell line NCI-H1792]
pgxbs-kftvksyw	NCI-H1793	Lung adenocarcinoma [cell line NCI-H1793]
pgxbs-kftvksyy	NCI-H1836	Lung small cell carcinoma [cell line NCI-H1836]
pgxbs-kftvksz0	NCI-H1838	Lung adenocarcinoma [cell line NCI-H1838]
pgxbs-kftvksz1	NCI-H1869	Lung squamous cell carcinoma [cell line NCI-H1869]
pgxbs-kftvksz3	NCI-H1876	Lung small cell carcinoma [cell line NCI-H1876]
pgxbs-kftvksz4	NCI-H1915	Lung non-small cell carcinoma [cell line NCI-H1915]
pgxbs-kftvksz6	NCI-H1930	Lung small cell carcinoma [cell line NCI-H1930]
pgxbs-kftvksz8	NCI-H1944	Lung adenocarcinoma [cell line NCI-H1944]
pgxbs-kftvksz9	NCI-H196	Lung small cell carcinoma [cell line NCI-H196]
pgxbs-kftvkszb	NCI-H1963	Lung small cell carcinoma [cell line NCI-H1963]
pgxbs-kftvkszd	NCI-H1975	Lung adenocarcinoma [cell line NCI-H1975]
pgxbs-kftvksze	NCI-H2009	Lung adenocarcinoma [cell line NCI-H2009]
pgxbs-kftvkszg	NCI-H2023	Lung adenocarcinoma [cell line NCI-H2023]
pgxbs-kftvkszh	NCI-H2029	Lung small cell carcinoma [cell line NCI-H2029]
pgxbs-kftvkszj	NCI-H2030	Lung adenocarcinoma [cell line NCI-H2030]
pgxbs-kftvkszl	NCI-H2052	Pleural sarcomatoid mesothelioma [cell line NCI-H2052]
pgxbs-kftvkszm	NCI-H2066	Lung squamous cell carcinoma [cell line NCI-H2066]
pgxbs-kftvkszo	NCI-H2073	Lung adenocarcinoma [cell line NCI-H2073]
pgxbs-kftvkszq	NCI-H2081	Lung small cell carcinoma [cell line NCI-H2081]
pgxbs-kftvkszr	NCI-H2085	Lung adenocarcinoma [cell line NCI-H2085]
pgxbs-kftvkszt	NCI-H2087	Lung adenocarcinoma [cell line NCI-H2087]
pgxbs-kftvkszu	NCI-H209	Lung small cell carcinoma [cell line NCI-H209]
pgxbs-kftvkszw	NCI-H2106	Lung large cell carcinoma [cell line NCI-H2106]
pgxbs-kftvkszy	NCI-H211	Lung small cell carcinoma [cell line NCI-H211]
pgxbs-kftvkszz	NCI-H2110	Lung non-small cell carcinoma [cell line NCI-H2110]
pgxbs-kftvkt01	NCI-H2122	Lung adenocarcinoma [cell line NCI-H2122]
pgxbs-kftvkt03	NCI-H2126	Lung large cell carcinoma [cell line NCI-H2126]
pgxbs-kftvkt04	NCI-H2141	Lung small cell carcinoma [cell line NCI-H2141]
pgxbs-kftvkt06	NCI-H2170	Lung squamous cell carcinoma [cell line NCI-H2170]
pgxbs-kftvkt08	NCI-H2171	Lung small cell carcinoma [cell line NCI-H2171]
pgxbs-kftvkt09	NCI-H2172	Lung non-small cell carcinoma [cell line NCI-H2172]
pgxbs-kftvkt0b	NCI-H2196	Lung small cell carcinoma [cell line NCI-H2196]
pgxbs-kftvkt0d	NCI-H2227	Lung small cell carcinoma [cell line NCI-H2227]
pgxbs-kftvkt0e	NCI-H2228	Lung adenocarcinoma [cell line NCI-H2228]
pgxbs-kftvkt0g	NCI-H226	Pleural epithelioid mesothelioma [cell line NCI-H226]
pgxbs-kftvkt0h	NCI-H2286	Lung squamous cell carcinoma [cell line NCI-H2286]
pgxbs-kftvkt0j	NCI-H2291	Lung adenocarcinoma [cell line NCI-H2291]
pgxbs-kftvkt0l	NCI-H23	Lung adenocarcinoma [cell line NCI-H23]
pgxbs-kftvkt0m	NCI-H2342	Lung adenocarcinoma [cell line NCI-H2342]
pgxbs-kftvkt0o	NCI-H2347	Lung adenocarcinoma [cell line NCI-H2347]
pgxbs-kftvkt0p	NCI-H2405	Lung adenocarcinoma [cell line NCI-H2405]
pgxbs-kftvkt0r	NCI-H2444	Lung non-small cell carcinoma [cell line NCI-H2444]
pgxbs-kftvkt0t	NCI-H2452	Pleural biphasic mesothelioma [cell line NCI-H2452]
pgxbs-kftvkt0u	NCI-H28	Pleural sarcomatoid mesothelioma [cell line NCI-H28]
pgxbs-kftvkt0w	NCI-H292	Lung mucoepidermoid carcinoma [cell line NCI-H292]
pgxbs-kftvkt0y	NCI-H322	Minimally invasive lung adenocarcinoma [cell line NCI-H322]
pgxbs-kftvkt0z	NCI-H3255	Lung adenocarcinoma [cell line NCI-H3255]
pgxbs-kftvkt11	NCI-H358	Minimally invasive lung adenocarcinoma [cell line NCI-H358]
pgxbs-kftvkt12	NCI-H441	Lung papillary adenocarcinoma [cell line NCI-H441]
pgxbs-kftvkt14	NCI-H446	Lung small cell carcinoma [cell line NCI-H446]
pgxbs-kftvkt16	NCI-H460	Lung large cell carcinoma [cell line NCI-H460]
pgxbs-kftvkt17	NCI-H508	Cecum adenocarcinoma [cell line NCI-H508]
pgxbs-kftvkt19	NCI-H510A	Lung small cell carcinoma [cell line NCI-H510A]
pgxbs-kftvkt1b	NCI-H520	Lung squamous cell carcinoma [cell line NCI-H520]
pgxbs-kftvkt1c	NCI-H522	Lung adenocarcinoma [cell line NCI-H522]
pgxbs-kftvkt1e	NCI-H524	Lung small cell carcinoma [cell line NCI-H524]
pgxbs-kftvkt1g	NCI-H526	Lung small cell carcinoma [cell line NCI-H526]
pgxbs-kftvkt1h	NCI-H596	Lung adenosquamous carcinoma [cell line NCI-H596]
pgxbs-kftvkt1j	NCI-H647	Lung adenosquamous carcinoma [cell line NCI-H647]
pgxbs-kftvkt1l	NCI-H650	Lung adenocarcinoma [cell line NCI-H650]
pgxbs-kftvkt1m	NCI-H660	Prostate small cell carcinoma [cell line NCI-H660]
pgxbs-kftvkt1o	NCI-H661	Lung large cell carcinoma [cell line NCI-H661]
pgxbs-kftvkt1p	NCI-H69	Lung small cell carcinoma [cell line NCI-H69]
pgxbs-kftvkt1r	NCI-H716	Cecum adenocarcinoma [cell line NCI-H716]
pgxbs-kftvkt1t	NCI-H727	Lung carcinoid tumor [cell line NCI-H727]
pgxbs-kftvkt1u	NCI-H747	Cecum adenocarcinoma [cell line NCI-H747]
pgxbs-kftvkt1w	NCI-H810	Lung large cell carcinoma [cell line NCI-H810]
pgxbs-kftvkt1y	NCI-H82	Lung small cell carcinoma [cell line NCI-H82]
pgxbs-kftvkt1z	NCI-H838	Lung adenocarcinoma [cell line NCI-H838]
pgxbs-kftvkt21	NCI-H841	Lung small cell carcinoma [cell line NCI-H841]
pgxbs-kftvkt24	NCI-H889	Lung small cell carcinoma [cell line NCI-H889]
pgxbs-kftvkt26	NCI-H929	Plasma cell myeloma [cell line NCI-H929]
pgxbs-kftvkt28	NCI-N87	Gastric tubular adenocarcinoma [cell line NCI-N87]
pgxbs-kftvkt29	NCO2	Chronic myelogenous leukemia, BCR-ABL1 positive [cell line NCO2]
pgxbs-kftvkt2b	NH-6	Adrenal gland neuroblastoma [cell line NH-6]
pgxbs-kftvkt2e	NMC-G1	Astrocytoma [cell line NMC-G1]
pgxbs-kftvkt2g	NOMO-1	Adult acute monocytic leukemia [cell line NOMO-1]
pgxbs-kftvkt2h	NU-DHL-1	Diffuse large B-cell lymphoma [cell line NU-DHL-1]
pgxbs-kftvkt2j	NU-DUL-1	Diffuse large B-cell lymphoma activated B-cell type [cell line NU-DUL-1]
pgxbs-kftvkt2l	NUGC-2	Gastric adenocarcinoma [cell line NUGC-2]
pgxbs-kftvkt2m	NUGC-3	Gastric adenocarcinoma [cell line NUGC-3]
pgxbs-kftvkt2o	NUGC-4	Gastric signet ring cell adenocarcinoma [cell line NUGC-4]
pgxbs-kftvkt2q	OAW28	High grade ovarian serous adenocarcinoma [cell line OAW28]
pgxbs-kftvkt2r	OAW42	Ovarian serous cystadenocarcinoma [cell line OAW42]
pgxbs-kftvkt2t	OC 314	Ovarian serous adenocarcinoma [cell line OC 314]
pgxbs-kftvkt2v	OC 316	Ovarian serous adenocarcinoma [cell line OC 316]
pgxbs-kftvkt2w	OCI-AML-2	Adult acute myeloid leukemia [cell line OCI-AML-2]
pgxbs-kftvkt2y	OCI-AML-3	Adult acute myeloid leukemia [cell line OCI-AML-3]
pgxbs-kftvkt30	OCI-AML-5	Adult acute myeloid leukemia [cell line OCI-AML-5]
pgxbs-kftvkt31	OCI-Ly10	Diffuse large B-cell lymphoma activated B-cell type [cell line OCI-Ly10]
pgxbs-kftvkt33	OCI-Ly19	Diffuse large B-cell lymphoma germinal center B-cell type [cell line OCI-Ly19]
pgxbs-kftvkt34	OCI-Ly3	Diffuse large B-cell lymphoma activated B-cell type [cell line OCI-Ly3]
pgxbs-kftvkt36	OCI-M1	Adult acute myeloid leukemia [cell line OCI-M1]
pgxbs-kftvkt37	OCUM-1	Gastric signet ring cell adenocarcinoma [cell line OCUM-1]
pgxbs-kftvkt39	OE19	Esophageal adenocarcinoma [cell line OE19]
pgxbs-kftvkt3b	OE21	Esophageal squamous cell carcinoma [cell line OE21]
pgxbs-kftvkt3c	OE33	Barrett adenocarcinoma [cell line OE33]
pgxbs-kftvkt3f	ONCO-DG-1	High grade ovarian serous adenocarcinoma [cell line ONCO-DG-1]
pgxbs-kftvkt3h	ONS-76	Medulloblastoma [cell line ONS-76]
pgxbs-kftvkt3j	OPM-2	Plasma cell myeloma [cell line OPM-2]
pgxbs-kftvkt3k	OS-RC-2	Renal cell carcinoma [cell line OS-RC-2]
pgxbs-kftvkt3m	OUMS-23	Colon carcinoma [cell line OUMS-23]
pgxbs-kftvkt3o	OUMS-27	Primary central chondrosarcoma [cell line OUMS-27]
pgxbs-kftvkt3s	OV-90	Ovarian adenocarcinoma [cell line OV-90]
pgxbs-kftvkt3p	OV56	Ovarian serous adenocarcinoma [cell line OV56]
pgxbs-kftvkt3r	OV7	Ovarian carcinoma [cell line OV7]
pgxbs-kftvkt2d	OVCAR-3	High grade ovarian serous adenocarcinoma [cell line OVCAR-3]
pgxbs-kftvkt3u	OVCAR-4	High grade ovarian serous adenocarcinoma [cell line OVCAR-4]
pgxbs-kftvkt3w	OVCAR-8	High grade ovarian serous adenocarcinoma [cell line OVCAR-8]
pgxbs-kftvkt3x	OVISE	Ovarian clear cell adenocarcinoma [cell line OVISE]
pgxbs-kftvkt3z	OVK18	Ovarian endometrioid adenocarcinoma [cell line OVK18]
pgxbs-kftvkt41	OVKATE	High grade ovarian serous adenocarcinoma [cell line OVKATE]
pgxbs-kftvkt42	OVMANA	Ovarian clear cell adenocarcinoma [cell line OVMANA]
pgxbs-kftvkt44	OVSAHO	High grade ovarian serous adenocarcinoma [cell line OVSAHO]
pgxbs-kftvkt46	OVTOKO	Ovarian clear cell adenocarcinoma [cell line OVTOKO]
pgxbs-kftvkt47	P12-Ichikawa	Childhood T acute lymphoblastic leukemia [cell line P12-Ichikawa]
pgxbs-kftvkt49	P31/FUJ	Childhood acute myeloid leukemia [cell line P31/FUJ]
pgxbs-kftvkt4a	P3HR-1	EBV-related Burkitt lymphoma [cell line P3HR-1]
pgxbs-kftvkt4c	Panc 02.03	Pancreatic adenocarcinoma [cell line Panc 02.03]
pgxbs-kftvkt4e	Panc 02.13	Pancreatic adenocarcinoma [cell line Panc 02.13]
pgxbs-kftvkt4f	Panc 03.27	Pancreatic adenocarcinoma [cell line Panc 03.27]
pgxbs-kftvkt4h	Panc 04.03	Pancreatic ductal adenocarcinoma [cell line Panc 04.03]
pgxbs-kftvkt4i	Panc 05.04	Pancreatic ductal adenocarcinoma [cell line Panc 05.04]
pgxbs-kftvkt4k	Panc 08.13	Pancreatic ductal adenocarcinoma [cell line Panc 08.13]
pgxbs-kftvkt4n	Panc 10.05	Pancreatic ductal adenocarcinoma [cell line Panc 10.05]
pgxbs-kftvkt4l	PANC-1	Pancreatic ductal adenocarcinoma [cell line PANC-1]
pgxbs-kftvkt4p	PaTu 8902	Pancreatic adenocarcinoma [cell line PaTu 8902]
pgxbs-kftvkt4q	PaTu 8988s	Pancreatic adenocarcinoma [cell line PaTu 8988s]
pgxbs-kftvkt4s	PaTu 8988t	Pancreatic adenocarcinoma [cell line PaTu 8988t]
pgxbs-kftvkt4t	PC-14	Lung adenocarcinoma [cell line PC-14]
pgxbs-kftvkt4v	PC-3	Prostate carcinoma [cell line PC-3]
pgxbs-kftvkt4x	PCM6	Plasma cell myeloma [cell line PCM6]
pgxbs-kftvkt4y	PE/CA-PJ15	Tongue squamous cell carcinoma [cell line PE/CA-PJ15]
pgxbs-kftvkt50	PE/CA-PJ34 (clone C12)	Head and neck basaloid carcinoma [cell line PE/CA-PJ34 (clone C12)]
pgxbs-kftvkt52	PE/CA-PJ41 (clone D2)	Oral cavity squamous cell carcinoma [cell line PE/CA-PJ41 (clone D2)]
pgxbs-kftvkt53	PE/CA-PJ49	Tongue squamous cell carcinoma [cell line PE/CA-PJ49]
pgxbs-kftvkt55	Peer	Childhood T acute lymphoblastic leukemia [cell line Peer]
pgxbs-kftvkt56	PF-382	Childhood T acute lymphoblastic leukemia [cell line PF-382]
pgxbs-kftvkt58	Pfeiffer	Diffuse large B-cell lymphoma germinal center B-cell type [cell line Pfeiffer]
pgxbs-kftvkt5a	PK-1	Pancreatic ductal adenocarcinoma [cell line PK-1]
pgxbs-kftvkt5b	PK-45H	Pancreatic carcinoma [cell line PK-45H]
pgxbs-kftvkt5d	PK-59	Pancreatic carcinoma [cell line PK-59]
pgxbs-kftvkt5e	PL-21	Adult acute myeloid leukemia [cell line PL-21]
pgxbs-kftvkt5g	PL45	Pancreatic ductal adenocarcinoma [cell line PL45]
pgxbs-kftvks9w	PLC/PRF/5	Adult hepatocellular carcinoma [cell line PLC/PRF/5]
pgxbs-kftvkt5i	PLC/PRF/5	Adult hepatocellular carcinoma [cell line PLC/PRF/5]
pgxbs-kftvkt5l	PSN1	Pancreatic adenocarcinoma [cell line PSN1]
pgxbs-kftvkt5n	QGP-1	Pancreatic somatostatinoma [cell line QGP-1]
pgxbs-kftvkt5o	Raji	EBV-related Burkitt lymphoma [cell line Raji]
pgxbs-kftvkt5q	RCC10RGB	Renal cell carcinoma [cell line RCC10RGB]
pgxbs-kftvkt5r	RCC4	Clear cell renal cell carcinoma [cell line RCC4]
pgxbs-kftvkt5t	RCH-ACV	B acute lymphoblastic leukemia with t(1;19)(q23;p13.3) E2A-PBX1 (TCF3-PBX1) [cell line RCH-ACV]
pgxbs-kftvkt5v	RCM-1 [Human rectum adenocarcinoma]	Rectal adenocarcinoma [cell line RCM-1 [Human rectum adenocarcinoma]]
pgxbs-kftvkt5w	RD	Embryonal rhabdomyosarcoma [cell line RD]
pgxbs-kftvkt5y	RD-ES	Ewing sarcoma [cell line RD-ES]
pgxbs-kftvkt5z	REC-1	Mantle cell lymphoma [cell line REC-1]
pgxbs-kftvkt61	Reh	Childhood B acute lymphoblastic leukemia [cell line Reh]
pgxbs-kftvkt63	RERF-GC-1B	Gastric adenocarcinoma [cell line RERF-GC-1B]
pgxbs-kftvkt68	RERF-LC-A1	Lung squamous cell carcinoma [cell line RERF-LC-A1]
pgxbs-kftvkt64	RERF-LC-Ad1	Lung adenocarcinoma [cell line RERF-LC-Ad1]
pgxbs-kftvkt66	RERF-LC-Ad2	Lung adenocarcinoma [cell line RERF-LC-Ad2]
pgxbs-kftvkt69	RERF-LC-KJ	Lung adenocarcinoma [cell line RERF-LC-KJ]
pgxbs-kftvkt6b	RERF-LC-MS	Lung adenocarcinoma [cell line RERF-LC-MS]
pgxbs-kftvkt6c	RERF-LC-Sq1	Lung squamous cell carcinoma [cell line RERF-LC-Sq1]
pgxbs-kftvkt6e	Rh30	Alveolar rhabdomyosarcoma [cell line Rh30]
pgxbs-kftvkt82	Rh30	Alveolar rhabdomyosarcoma [cell line Rh30]
pgxbs-kftvkt6g	Rh41	Alveolar rhabdomyosarcoma [cell line Rh41]
pgxbs-kftvkt6h	Ri-1	Diffuse large B-cell lymphoma activated B-cell type [cell line Ri-1]
pgxbs-kftvkt6j	RKN	Ovarian leiomyosarcoma [cell line RKN]
pgxbs-kftvkt6k	RKO	Colon carcinoma [cell line RKO]
pgxbs-kftvkt6m	RL	Diffuse large B-cell lymphoma [cell line RL]
pgxbs-kftvkt6o	RL95-2	Endometrial adenosquamous carcinoma [cell line RL95-2]
pgxbs-kftvkt6p	RMG-I	Ovarian clear cell adenocarcinoma [cell line RMG-I]
pgxbs-kftvkt6r	RMUG-S	Ovarian mucinous cystadenocarcinoma [cell line RMUG-S]
pgxbs-kftvkt6s	RPMI-7951	Melanoma [cell line RPMI-7951]
pgxbs-kftvkt6u	RPMI-8226	Plasma cell myeloma [cell line RPMI-8226]
pgxbs-kftvkt6w	RPMI-8402	Childhood T acute lymphoblastic leukemia [cell line RPMI-8402]
pgxbs-kftvkt6x	RS4;11	Adult B acute lymphoblastic leukemia [cell line RS4;11]
pgxbs-kftvkt6z	RT-112	Bladder carcinoma [cell line RT-112]
pgxbs-kftvkt72	RT-4	Bladder carcinoma [cell line RT-4]
pgxbs-kftvkt70	RT112/84	Bladder carcinoma [cell line RT112/84]
pgxbs-kftvkt74	RVH-421	Melanoma [cell line RVH-421]
pgxbs-kftvkt76	S-117	Thyroid gland sarcoma [cell line S-117]
pgxbs-kftvkt79	SBC-5	Lung small cell carcinoma [cell line SBC-5]
pgxbs-kftvkt7a	SCaBER	Bladder squamous cell carcinoma [cell line SCaBER]
pgxbs-kftvkt7c	SCC-15	Tongue squamous cell carcinoma [cell line SCC-15]
pgxbs-kftvkt7e	SCC-25	Tongue squamous cell carcinoma [cell line SCC-25]
pgxbs-kftvkt7f	SCC-4	Tongue squamous cell carcinoma [cell line SCC-4]
pgxbs-kftvkt7h	SCC-9	Tongue squamous cell carcinoma [cell line SCC-9]
pgxbs-kftvkt7j	SCLC-21H	Lung small cell carcinoma [cell line SCLC-21H]
pgxbs-kftvkt7k	SEM	Childhood B acute lymphoblastic leukemia [cell line SEM]
pgxbs-kftvkt7m	SET-2	Adult acute megakaryoblastic leukemia [cell line SET-2]
pgxbs-kftvkt7o	SF126	Glioblastoma [cell line SF126]
pgxbs-kftvkt7r	SF295	Glioblastoma [cell line SF295]
pgxbs-kftvkt7t	SH-10-TC	Gastric mucinous adenocarcinoma [cell line SH-10-TC]
pgxbs-kftvkt7u	SH-4	Melanoma [cell line SH-4]
pgxbs-kftvkt7x	SH-SY5Y	Neuroblastoma [cell line SH-SY5Y]
pgxbs-kftvkt7w	-SHP 77.00	Lung small cell carcinoma [cell line SHP-77]
pgxbs-kftvkt7z	SIG-M5	Adult acute myeloid leukemia [cell line SIG-M5]
pgxbs-kftvkt81	SiMa	Adrenal gland neuroblastoma [cell line SiMa]
pgxbs-kftvkt84	SJSA-1	Osteosarcoma [cell line SJSA-1]
pgxbs-kftvkt85	SK-BR-3	Breast adenocarcinoma [cell line SK-BR-3]
pgxbs-kftvkt87	SK-CO-1	Colon adenocarcinoma [cell line SK-CO-1]
pgxbs-kftvkt89	SK-ES-1	Ewing sarcoma [cell line SK-ES-1]
pgxbs-kftvkt8a	SK-HEP-1	Liver and intrahepatic bile duct epithelial neoplasm [cell line SK-HEP-1]
pgxbs-kftvkt8c	SK-LMS-1	Vulvar leiomyosarcoma [cell line SK-LMS-1]
pgxbs-kftvkt8d	SK-LU-1	Lung adenocarcinoma [cell line SK-LU-1]
pgxbs-kftvkt8h	SK-MEL-1	Melanoma [cell line SK-MEL-1]
pgxbs-kftvkt8i	SK-MEL-2	Melanoma [cell line SK-MEL-2]
pgxbs-kftvkt8k	SK-MEL-24	Melanoma [cell line SK-MEL-24]
pgxbs-kftvkt8l	SK-MEL-28	Cutaneous melanoma [cell line SK-MEL-28]
pgxbs-kftvkt8n	SK-MEL-3	Cutaneous melanoma [cell line SK-MEL-3]
pgxbs-kftvkt8p	SK-MEL-30	Cutaneous melanoma [cell line SK-MEL-30]
pgxbs-kftvkt8q	SK-MEL-31	Cutaneous melanoma [cell line SK-MEL-31]
pgxbs-kftvkt8s	SK-MEL-5	Cutaneous melanoma [cell line SK-MEL-5]
pgxbs-kftvkt8u	SK-MES-1	Lung squamous cell carcinoma [cell line SK-MES-1]
pgxbs-kftvkt8v	SK-MM-2	Plasma cell myeloma [cell line SK-MM-2]
pgxbs-kftvkt8x	SK-N-AS	Neuroblastoma [cell line SK-N-AS]
pgxbs-kftvkt8y	SK-N-BE(2)	Neuroblastoma [cell line SK-N-BE(2)]
pgxbs-kftvkt90	SK-N-DZ	Neuroblastoma [cell line SK-N-DZ]
pgxbs-kftvkt92	SK-N-FI	Neuroblastoma [cell line SK-N-FI]
pgxbs-kftvkt93	SK-N-MC	Askin tumor [cell line SK-N-MC]
pgxbs-kftvkt95	SK-N-SH	Neuroblastoma [cell line SK-N-SH]
pgxbs-kftvkt96	SK-OV-3	Ovarian serous cystadenocarcinoma [cell line SK-OV-3]
pgxbs-kftvkt98	SK-UT-1	Uterine corpus leiomyosarcoma [cell line SK-UT-1]
pgxbs-kftvkt8f	SKM-1	Adult acute myeloid leukemia [cell line SKM-1]
pgxbs-kftvkt9i	SNB-19	Astrocytoma [cell line SNB-19]
pgxbs-kftvkt9j	SNG-M	Endometrial adenocarcinoma [cell line SNG-M]
pgxbs-kftvkt9l	SNU-1	Gastric adenocarcinoma [cell line SNU-1]
pgxbs-kftvkt9n	SNU-1040	Colon adenocarcinoma [cell line SNU-1040]
pgxbs-kftvkt9o	SNU-1076	Laryngeal squamous cell carcinoma [cell line SNU-1076]
pgxbs-kftvkt9q	SNU-1077	Uterine carcinosarcoma [cell line SNU-1077]
pgxbs-kftvkt9r	SNU-1079	Intrahepatic cholangiocarcinoma [cell line SNU-1079]
pgxbs-kftvkt9t	SNU-1105	Glioblastoma [cell line SNU-1105]
pgxbs-kftvkt9v	SNU-119	High grade ovarian serous adenocarcinoma [cell line SNU-119]
pgxbs-kftvkt9w	SNU-1196	Hilar cholangiocarcinoma [cell line SNU-1196]
pgxbs-kftvkt9y	SNU-1197	Colon adenocarcinoma [cell line SNU-1197]
pgxbs-kftvkta0	SNU-1214	Laryngeal squamous cell carcinoma [cell line SNU-1214]
pgxbs-kftvkta1	SNU-1272	Clear cell renal cell carcinoma [cell line SNU-1272]
pgxbs-kftvkta3	SNU-16	Gastric adenocarcinoma [cell line SNU-16]
pgxbs-kftvkta4	SNU-175	Colon adenocarcinoma [cell line SNU-175]
pgxbs-kftvkta6	SNU-182	Adult hepatocellular carcinoma [cell line SNU-182]
pgxbs-kftvkta8	SNU-201	Glioblastoma [cell line SNU-201]
pgxbs-kftvkta9	SNU-213	Pancreatic adenocarcinoma [cell line SNU-213]
pgxbs-kftvktab	SNU-216	Gastric tubular adenocarcinoma [cell line SNU-216]
pgxbs-kftvktac	SNU-245	Cholangiocarcinoma [cell line SNU-245]
pgxbs-kftvktae	SNU-283	Rectal adenocarcinoma [cell line SNU-283]
pgxbs-kftvktag	SNU-308	Gallbladder carcinoma [cell line SNU-308]
pgxbs-kftvktah	SNU-324	Pancreatic adenocarcinoma [cell line SNU-324]
pgxbs-kftvktaj	SNU-349	Clear cell renal cell carcinoma [cell line SNU-349]
pgxbs-kftvktak	SNU-387	Adult hepatocellular carcinoma [cell line SNU-387]
pgxbs-kftvktam	SNU-398	Adult hepatocellular carcinoma [cell line SNU-398]
pgxbs-kftvktao	SNU-407	Colon adenocarcinoma [cell line SNU-407]
pgxbs-kftvktap	SNU-410	Pancreatic adenocarcinoma [cell line SNU-410]
pgxbs-kftvktar	SNU-423	Adult hepatocellular carcinoma [cell line SNU-423]
pgxbs-kftvktat	SNU-449	Adult hepatocellular carcinoma [cell line SNU-449]
pgxbs-kftvktau	SNU-46	Laryngeal squamous cell carcinoma [cell line SNU-46]
pgxbs-kftvktaw	SNU-466	Glioblastoma [cell line SNU-466]
pgxbs-kftvktax	SNU-475	Adult hepatocellular carcinoma [cell line SNU-475]
pgxbs-kftvktaz	SNU-478	Ampulla of Vater adenocarcinoma [cell line SNU-478]
pgxbs-kftvktb1	SNU-489	Glioblastoma [cell line SNU-489]
pgxbs-kftvktb2	SNU-5	Gastric adenocarcinoma [cell line SNU-5]
pgxbs-kftvktb4	SNU-503	Rectal adenocarcinoma [cell line SNU-503]
pgxbs-kftvktb5	SNU-520	Gastric adenocarcinoma [cell line SNU-520]
pgxbs-kftvktb7	SNU-601	Gastric signet ring cell adenocarcinoma [cell line SNU-601]
pgxbs-kftvktb9	SNU-61	Rectal adenocarcinoma [cell line SNU-61]
pgxbs-kftvktba	SNU-620	Gastric adenocarcinoma [cell line SNU-620]
pgxbs-kftvktbc	SNU-626	Glioblastoma [cell line SNU-626]
pgxbs-kftvktbd	SNU-668	Gastric signet ring cell adenocarcinoma [cell line SNU-668]
pgxbs-kftvktbf	SNU-685	Uterine carcinosarcoma [cell line SNU-685]
pgxbs-kftvktbg	SNU-719	Gastric tubular adenocarcinoma [cell line SNU-719]
pgxbs-kftvktbi	SNU-738	Oligodendroglioma [cell line SNU-738]
pgxbs-kftvktbk	SNU-761	Adult hepatocellular carcinoma [cell line SNU-761]
pgxbs-kftvktbl	SNU-8	Ovarian serous cystadenocarcinoma [cell line SNU-8]
pgxbs-kftvktbn	SNU-81	Colon adenocarcinoma [cell line SNU-81]
pgxbs-kftvktbo	SNU-840	Malignant ovarian Brenner tumor [cell line SNU-840]
pgxbs-kftvktbq	SNU-878	Adult hepatocellular carcinoma [cell line SNU-878]
pgxbs-kftvktbs	SNU-886	Adult hepatocellular carcinoma [cell line SNU-886]
pgxbs-kftvktbu	SNU-899	Laryngeal squamous cell carcinoma [cell line SNU-899]
pgxbs-kftvktbv	SNU-C1	Colon adenocarcinoma [cell line SNU-C1]
pgxbs-kftvktbx	SNU-C2A	Cecum adenocarcinoma [cell line SNU-C2A]
pgxbs-kftvktbz	SNU-C4	Colon adenocarcinoma [cell line SNU-C4]
pgxbs-kftvktc0	SNU-C5	Cecum adenocarcinoma [cell line SNU-C5]
pgxbs-kftvktc2	Sq-1	Lung squamous cell carcinoma [cell line Sq-1]
pgxbs-kftvktc3	SR	Anaplastic large cell lymphoma, ALK-positive [cell line SR]
pgxbs-kftvktc5	ST486	Burkitt lymphoma [cell line ST486]
pgxbs-kftvktc8	SU-DHL-1	Anaplastic large cell lymphoma, ALK-positive [cell line SU-DHL-1]
pgxbs-kftvktca	SU-DHL-10	Diffuse large B-cell lymphoma germinal center B-cell type [cell line SU-DHL-10]
pgxbs-kftvktcc	SU-DHL-4	Diffuse large B-cell lymphoma germinal center B-cell type [cell line SU-DHL-4]
pgxbs-kftvktcd	SU-DHL-5	Diffuse large B-cell lymphoma germinal center B-cell type [cell line SU-DHL-5]
pgxbs-kftvktcf	SU-DHL-6	Diffuse large B-cell lymphoma germinal center B-cell type [cell line SU-DHL-6]
pgxbs-kftvktch	SU-DHL-8	Diffuse large B-cell lymphoma germinal center B-cell type [cell line SU-DHL-8]
pgxbs-kftvktc7	SU.86.86	Pancreatic adenocarcinoma [cell line SU.86.86]
pgxbs-kftvktci	SUIT-2	Pancreatic ductal adenocarcinoma [cell line SUIT-2]
pgxbs-kftvktck	SUP-B15	Childhood B acute lymphoblastic leukemia with t(9;22)(q34.1;q11.2) BCR-ABL1 [cell line SUP-B15]
pgxbs-kftvktcm	SUP-HD1	Hodgkin lymphoma [cell line SUP-HD1]
pgxbs-kftvktcn	SUP-M2	Anaplastic large cell lymphoma, ALK-positive [cell line SUP-M2]
pgxbs-kftvktcp	SUP-T1	Childhood T lymphoblastic lymphoma [cell line SUP-T1]
pgxbs-kftvktcr	SUP-T11	Adult T acute lymphoblastic leukemia [cell line SUP-T11]
pgxbs-kftvktcs	SW1088	Astrocytoma [cell line SW1088]
pgxbs-kftvktcu	SW1116	Colon adenocarcinoma [cell line SW1116]
pgxbs-kftvktcv	SW1271	Lung small cell carcinoma [cell line SW1271]
pgxbs-kftvktcx	SW1353	Primary central chondrosarcoma [cell line SW1353]
pgxbs-kftvktcz	SW1417	Colon adenocarcinoma [cell line SW1417]
pgxbs-kftvktd0	SW1463	Rectal adenocarcinoma [cell line SW1463]
pgxbs-kftvktd2	SW1573	Minimally invasive lung adenocarcinoma [cell line SW1573]
pgxbs-kftvktd3	SW1710	Bladder carcinoma [cell line SW1710]
pgxbs-kftvktd5	SW1783	Anaplastic astrocytoma [cell line SW1783]
pgxbs-kftvktd7	SW1990	Pancreatic adenocarcinoma [cell line SW1990]
pgxbs-kftvktd8	SW403	Colon adenocarcinoma [cell line SW403]
pgxbs-kftvktda	SW48	Colon adenocarcinoma [cell line SW48]
pgxbs-kftvktdb	SW480	Colon adenocarcinoma [cell line SW480]
pgxbs-kftvktdd	SW579	Thyroid gland squamous cell carcinoma [cell line SW579]
pgxbs-kftvktdf	SW620	Colon adenocarcinoma [cell line SW620]
pgxbs-kftvktdg	SW780	Bladder carcinoma [cell line SW780]
pgxbs-kftvktdi	SW837	Rectal adenocarcinoma [cell line SW837]
pgxbs-kftvktdj	SW900	Lung squamous cell carcinoma [cell line SW900]
pgxbs-kftvktdl	SW948	Colon adenocarcinoma [cell line SW948]
pgxbs-kftvktds	T-47D	Invasive breast carcinoma of no special type [cell line T-47D]
pgxbs-kftvktf7	T.T	Esophageal squamous cell carcinoma [cell line T.T]
pgxbs-kftvktdn	T1-73	Osteosarcoma [cell line T1-73]
pgxbs-kftvktdo	T24	Bladder carcinoma [cell line T24]
pgxbs-kftvktdq	T3M-4	Pancreatic ductal adenocarcinoma [cell line T3M-4]
pgxbs-kftvktdt	T84	Colon adenocarcinoma [cell line T84]
pgxbs-kftvktdv	T98G	Glioblastoma [cell line T98G]
pgxbs-kftvktdx	TALL-1 [Human adult T-ALL]	Adult T acute lymphoblastic leukemia [cell line TALL-1 [Human adult T-ALL]]
pgxbs-kftvktdy	TC-32	Primitive neuroectodermal tumor [cell line TC-32]
pgxbs-kftvkte0	TC-71	Ewing sarcoma [cell line TC-71]
pgxbs-kftvkte1	TCC-Pan2	Pancreatic ductal adenocarcinoma [cell line TCC-Pan2]
pgxbs-kftvkte3	TCCSUP	Bladder carcinoma [cell line TCCSUP]
pgxbs-kftvkte9	TE 125.T	Rhabdomyosarcoma [cell line TE 125.T]
pgxbs-kftvktee	TE 159.T	Rhabdomyosarcoma [cell line TE 159.T]
pgxbs-kftvkteh	TE 441.T	Rhabdomyosarcoma [cell line TE 441.T]
pgxbs-kftvktem	TE 617.T	Rhabdomyosarcoma [cell line TE 617.T]
pgxbs-kftvkte5	TE-1	Esophageal squamous cell carcinoma [cell line TE-1]
pgxbs-kftvkte6	TE-10	Esophageal squamous cell carcinoma [cell line TE-10]
pgxbs-kftvkte8	TE-11	Esophageal squamous cell carcinoma [cell line TE-11]
pgxbs-kftvkteb	TE-14	Esophageal squamous cell carcinoma [cell line TE-14]
pgxbs-kftvkted	TE-15	Esophageal squamous cell carcinoma [cell line TE-15]
pgxbs-kftvkteg	TE-4	Esophageal squamous cell carcinoma [cell line TE-4]
pgxbs-kftvktej	TE-5	Esophageal squamous cell carcinoma [cell line TE-5]
pgxbs-kftvktel	TE-6	Esophageal squamous cell carcinoma [cell line TE-6]
pgxbs-kftvkteo	TE-8	Esophageal squamous cell carcinoma [cell line TE-8]
pgxbs-kftvktep	TE-9	Esophageal squamous cell carcinoma [cell line TE-9]
pgxbs-kftvktet	TF-1	Erythroleukemia [cell line TF-1]
pgxbs-kftvkteu	TGBC11TKB	Gastric carcinoma [cell line TGBC11TKB]
pgxbs-kftvktew	THP-1	Childhood acute monocytic leukemia [cell line THP-1]
pgxbs-kftvktez	TM-31	Astrocytoma [cell line TM-31]
pgxbs-kftvktf0	TO 175.T	Hodgkin lymphoma [cell line TO 175.T]
pgxbs-kftvktf2	Toledo	Diffuse large B-cell lymphoma germinal center B-cell type [cell line Toledo]
pgxbs-kftvktf4	TOV-112D	Ovarian endometrioid adenocarcinoma [cell line TOV-112D]
pgxbs-kftvktf5	TOV-21G	Ovarian clear cell adenocarcinoma [cell line TOV-21G]
pgxbs-kftvktf9	TT	Hereditary thyroid gland medullary carcinoma [cell line TT]
pgxbs-kftvktfa	TT2609-C02	Thyroid gland follicular carcinoma [cell line TT2609-C02]
pgxbs-kftvktfc	TUHR10TKB	Renal cell carcinoma [cell line TUHR10TKB]
pgxbs-kftvktfd	TUHR14TKB	Renal cell carcinoma [cell line TUHR14TKB]
pgxbs-kftvktff	TUHR4TKB	Renal cell carcinoma [cell line TUHR4TKB]
pgxbs-kftvktfh	TYK-nu	High grade ovarian serous adenocarcinoma [cell line TYK-nu]
pgxbs-kftvktfi	U-118MG	Astrocytoma [cell line U-118MG]
pgxbs-kftvktfk	U-138MG	Astrocytoma [cell line U-138MG]
pgxbs-kftvktfn	U-251MG	Astrocytoma [cell line U-251MG]
pgxbs-kftvktfs	U-87MG ATCC	Glioblastoma [cell line U-87MG ATCC]
pgxbs-kftvktfu	U-937	Adult acute monocytic leukemia [cell line U-937]
pgxbs-kftvktfp	U266B1	Plasma cell myeloma [cell line U266B1]
pgxbs-kftvktfq	U2OS	Osteosarcoma [cell line U2OS]
pgxbs-kftvktfv	UACC-257	Melanoma [cell line UACC-257]
pgxbs-kftvktfx	UACC-62	Melanoma [cell line UACC-62]
pgxbs-kftvktfz	UACC-812	Invasive breast carcinoma of no special type [cell line UACC-812]
pgxbs-kftvktg0	UACC-893	Invasive breast carcinoma of no special type [cell line UACC-893]
pgxbs-kftvktg2	UM-RC-2	Clear cell renal cell carcinoma [cell line UM-RC-2]
pgxbs-kftvktg4	UM-RC-6	Renal cell carcinoma [cell line UM-RC-6]
pgxbs-kftvktg5	UM-UC-1	Bladder carcinoma [cell line UM-UC-1]
pgxbs-kftvktg7	UM-UC-3	Bladder carcinoma [cell line UM-UC-3]
pgxbs-kftvktga	UT-7	Adult acute megakaryoblastic leukemia [cell line UT-7]
pgxbs-kftvktgc	VCaP	Prostate carcinoma [cell line VCaP]
pgxbs-kftvktgd	VM-CUB-1	Bladder carcinoma [cell line VM-CUB-1]
pgxbs-kftvktgf	VMRC-LCD	Lung adenocarcinoma [cell line VMRC-LCD]
pgxbs-kftvktgh	VMRC-LCP	Lung squamous cell carcinoma [cell line VMRC-LCP]
pgxbs-kftvktgi	VMRC-RCW	Renal cell carcinoma [cell line VMRC-RCW]
pgxbs-kftvktgk	VMRC-RCZ	Renal cell carcinoma [cell line VMRC-RCZ]
pgxbs-kftvktgm	WM115	Melanoma [cell line WM115]
pgxbs-kftvktgp	WM266-4	Melanoma [cell line WM266-4]
pgxbs-kftvktgq	WM793	Melanoma [cell line WM793]
pgxbs-kftvktgs	WM88	Melanoma [cell line WM88]
pgxbs-kftvktgu	WM983B	Melanoma [cell line WM983B]
pgxbs-kftvktgv	WSU-DLCL2	Diffuse large B-cell lymphoma germinal center B-cell type [cell line WSU-DLCL2]
pgxbs-kftvktgx	YAPC	Pancreatic carcinoma [cell line YAPC]
pgxbs-kftvktgz	YD-10B	Tongue squamous cell carcinoma [cell line YD-10B]
pgxbs-kftvkth0	YD-15	Tongue squamous cell carcinoma [cell line YD-15]
pgxbs-kftvkth5	YH-13	Glioblastoma [cell line YH-13]
pgxbs-kftvkth7	YKG-1	Glioblastoma [cell line YKG-1]
pgxbs-kftvkth8	YMB-1	Invasive breast carcinoma of no special type [cell line YMB-1]
pgxbs-kftvktha	ZR-75-1	Invasive breast carcinoma of no special type [cell line ZR-75-1]
pgxbs-kftvkthc	ZR-75-30	Invasive breast carcinoma of no special type [cell line ZR-75-30]