cellosaurus:CVCL_0018	
cellosaurus:CVCL_0026	
cellosaurus:CVCL_0028	
cellosaurus:CVCL_0039	
cellosaurus:CVCL_0040	
cellosaurus:CVCL_0064	
cellosaurus:CVCL_0068	
cellosaurus:CVCL_0077	
cellosaurus:CVCL_0078	
cellosaurus:CVCL_0090	
cellosaurus:CVCL_0091	
cellosaurus:CVCL_0106	
cellosaurus:CVCL_0107	
cellosaurus:CVCL_0165	
cellosaurus:CVCL_0200	
cellosaurus:CVCL_0202	
cellosaurus:CVCL_0209	
cellosaurus:CVCL_0235	
cellosaurus:CVCL_0236	
cellosaurus:CVCL_0244	
cellosaurus:CVCL_0250	
cellosaurus:CVCL_0253	
cellosaurus:CVCL_0318	
cellosaurus:CVCL_0333	
cellosaurus:CVCL_0334	
cellosaurus:CVCL_0366	
cellosaurus:CVCL_0378	
cellosaurus:CVCL_0389	
cellosaurus:CVCL_0392	
cellosaurus:CVCL_0400	
cellosaurus:CVCL_0454	
cellosaurus:CVCL_0471	
cellosaurus:CVCL_0497	
cellosaurus:CVCL_0505	
cellosaurus:CVCL_0538	
cellosaurus:CVCL_0543	
cellosaurus:CVCL_0544	
cellosaurus:CVCL_0545	
cellosaurus:CVCL_0582	
cellosaurus:CVCL_0590	
cellosaurus:CVCL_0599	
cellosaurus:CVCL_0600	
cellosaurus:CVCL_0617	
cellosaurus:CVCL_0618	
cellosaurus:CVCL_0619	
cellosaurus:CVCL_0621	
cellosaurus:CVCL_0626	
cellosaurus:CVCL_0627	
cellosaurus:CVCL_0631	
cellosaurus:CVCL_0632	
cellosaurus:CVCL_0697	
cellosaurus:CVCL_0758	
cellosaurus:CVCL_0804	
cellosaurus:CVCL_0814	
cellosaurus:CVCL_0844	
cellosaurus:CVCL_0858	
cellosaurus:CVCL_0864	
cellosaurus:CVCL_0878	
cellosaurus:CVCL_0891	
cellosaurus:CVCL_0903	
cellosaurus:CVCL_0938	
cellosaurus:CVCL_0941	
cellosaurus:CVCL_0950	
cellosaurus:CVCL_0985	
cellosaurus:CVCL_0993	
cellosaurus:CVCL_0A72	
cellosaurus:CVCL_0B66	
cellosaurus:CVCL_0B67	
cellosaurus:CVCL_0B68	
cellosaurus:CVCL_0B72	
cellosaurus:CVCL_0B77	
cellosaurus:CVCL_0C69	
cellosaurus:CVCL_0C71	
cellosaurus:CVCL_0C73	
cellosaurus:CVCL_1009	
cellosaurus:CVCL_1046	
cellosaurus:CVCL_1047	
cellosaurus:CVCL_1048	
cellosaurus:CVCL_1050	
cellosaurus:CVCL_1052	
cellosaurus:CVCL_1055	
cellosaurus:CVCL_1057	
cellosaurus:CVCL_1060	
cellosaurus:CVCL_1065	
cellosaurus:CVCL_1070	
cellosaurus:CVCL_1074	
cellosaurus:CVCL_1079	
cellosaurus:CVCL_1080	
cellosaurus:CVCL_1082	
cellosaurus:CVCL_1085	
cellosaurus:CVCL_1095	
cellosaurus:CVCL_1100	
cellosaurus:CVCL_1101	
cellosaurus:CVCL_1103	
cellosaurus:CVCL_1104	
cellosaurus:CVCL_1105	
cellosaurus:CVCL_1106	
cellosaurus:CVCL_1111	
cellosaurus:CVCL_1112	
cellosaurus:CVCL_1114	
cellosaurus:CVCL_1115	
cellosaurus:CVCL_1116	
cellosaurus:CVCL_1118	
cellosaurus:CVCL_1123	
cellosaurus:CVCL_1124	
cellosaurus:CVCL_1125	
cellosaurus:CVCL_1126	
cellosaurus:CVCL_1127	
cellosaurus:CVCL_1129	
cellosaurus:CVCL_1131	
cellosaurus:CVCL_1132	
cellosaurus:CVCL_1133	
cellosaurus:CVCL_1134	
cellosaurus:CVCL_1136	
cellosaurus:CVCL_1138	
cellosaurus:CVCL_1140	
cellosaurus:CVCL_1141	
cellosaurus:CVCL_1146	
cellosaurus:CVCL_1147	
cellosaurus:CVCL_1148	
cellosaurus:CVCL_1149	
cellosaurus:CVCL_1155	
cellosaurus:CVCL_1157	
cellosaurus:CVCL_1161	
cellosaurus:CVCL_1165	
cellosaurus:CVCL_1167	
cellosaurus:CVCL_1168	
cellosaurus:CVCL_1169	
cellosaurus:CVCL_1171	
cellosaurus:CVCL_1173	
cellosaurus:CVCL_1174	
cellosaurus:CVCL_1175	
cellosaurus:CVCL_1176	
cellosaurus:CVCL_1177	
cellosaurus:CVCL_1178	
cellosaurus:CVCL_1179	
cellosaurus:CVCL_1181	
cellosaurus:CVCL_1183	
cellosaurus:CVCL_1185	
cellosaurus:CVCL_1186	
cellosaurus:CVCL_1191	
cellosaurus:CVCL_1195	
cellosaurus:CVCL_1196	
cellosaurus:CVCL_1197	
cellosaurus:CVCL_1216	
cellosaurus:CVCL_1219	
cellosaurus:CVCL_1221	
cellosaurus:CVCL_1226	
cellosaurus:CVCL_1229	
cellosaurus:CVCL_1230	
cellosaurus:CVCL_1233	
cellosaurus:CVCL_1235	
cellosaurus:CVCL_1238	
cellosaurus:CVCL_1244	
cellosaurus:CVCL_1245	
cellosaurus:CVCL_1246	
cellosaurus:CVCL_1247	
cellosaurus:CVCL_1249	
cellosaurus:CVCL_1250	
cellosaurus:CVCL_1254	
cellosaurus:CVCL_1255	
cellosaurus:CVCL_1256	
cellosaurus:CVCL_1261	
cellosaurus:CVCL_1263	
cellosaurus:CVCL_1265	
cellosaurus:CVCL_1266	
cellosaurus:CVCL_1267	
cellosaurus:CVCL_1268	
cellosaurus:CVCL_1270	
cellosaurus:CVCL_1271	
cellosaurus:CVCL_1273	
cellosaurus:CVCL_1275	
cellosaurus:CVCL_1280	
cellosaurus:CVCL_1282	
cellosaurus:CVCL_1284	
cellosaurus:CVCL_1285	
cellosaurus:CVCL_1286	
cellosaurus:CVCL_1287	
cellosaurus:CVCL_1289	
cellosaurus:CVCL_1291	
cellosaurus:CVCL_1293	
cellosaurus:CVCL_1294	
cellosaurus:CVCL_1300	
cellosaurus:CVCL_1319	
cellosaurus:CVCL_1320	
cellosaurus:CVCL_1321	
cellosaurus:CVCL_1325	
cellosaurus:CVCL_1329	
cellosaurus:CVCL_1330	
cellosaurus:CVCL_1333	
cellosaurus:CVCL_1337	
cellosaurus:CVCL_1345	
cellosaurus:CVCL_1347	
cellosaurus:CVCL_1348	
cellosaurus:CVCL_1349	
cellosaurus:CVCL_1350	
cellosaurus:CVCL_1351	
cellosaurus:CVCL_1352	
cellosaurus:CVCL_1353	
cellosaurus:CVCL_1354	
cellosaurus:CVCL_1355	
cellosaurus:CVCL_1356	
cellosaurus:CVCL_1359	
cellosaurus:CVCL_1360	
cellosaurus:CVCL_1362	
cellosaurus:CVCL_1374	
cellosaurus:CVCL_1375	
cellosaurus:CVCL_1376	
cellosaurus:CVCL_1377	
cellosaurus:CVCL_1378	
cellosaurus:CVCL_1380	
cellosaurus:CVCL_1381	
cellosaurus:CVCL_1382	
cellosaurus:CVCL_1383	
cellosaurus:CVCL_1385	
cellosaurus:CVCL_1388	
cellosaurus:CVCL_1394	
cellosaurus:CVCL_1399	
cellosaurus:CVCL_1400	
cellosaurus:CVCL_1405	
cellosaurus:CVCL_1406	
cellosaurus:CVCL_1408	
cellosaurus:CVCL_1413	
cellosaurus:CVCL_1414	
cellosaurus:CVCL_1418	
cellosaurus:CVCL_1419	
cellosaurus:CVCL_1423	
cellosaurus:CVCL_1424	
cellosaurus:CVCL_1425	
cellosaurus:CVCL_1428	
cellosaurus:CVCL_1429	
cellosaurus:CVCL_1430	
cellosaurus:CVCL_1438	
cellosaurus:CVCL_1440	
cellosaurus:CVCL_1448	
cellosaurus:CVCL_1453	
cellosaurus:CVCL_1454	
cellosaurus:CVCL_1456	
cellosaurus:CVCL_1457	
cellosaurus:CVCL_1460	
cellosaurus:CVCL_1463	
cellosaurus:CVCL_1464	
cellosaurus:CVCL_1467	
cellosaurus:CVCL_1468	
cellosaurus:CVCL_1469	
cellosaurus:CVCL_1470	
cellosaurus:CVCL_1471	
cellosaurus:CVCL_1472	
cellosaurus:CVCL_1473	
cellosaurus:CVCL_1474	
cellosaurus:CVCL_1475	
cellosaurus:CVCL_1476	
cellosaurus:CVCL_1478	
cellosaurus:CVCL_1479	
cellosaurus:CVCL_1480	
cellosaurus:CVCL_1481	
cellosaurus:CVCL_1482	
cellosaurus:CVCL_1484	
cellosaurus:CVCL_1485	
cellosaurus:CVCL_1487	
cellosaurus:CVCL_1488	
cellosaurus:CVCL_1489	
cellosaurus:CVCL_1490	
cellosaurus:CVCL_1491	
cellosaurus:CVCL_1493	
cellosaurus:CVCL_1495	
cellosaurus:CVCL_1496	
cellosaurus:CVCL_1497	
cellosaurus:CVCL_1498	
cellosaurus:CVCL_1499	
cellosaurus:CVCL_1500	
cellosaurus:CVCL_1501	
cellosaurus:CVCL_1503	
cellosaurus:CVCL_1505	
cellosaurus:CVCL_1507	
cellosaurus:CVCL_1508	
cellosaurus:CVCL_1509	
cellosaurus:CVCL_1510	
cellosaurus:CVCL_1512	
cellosaurus:CVCL_1515	
cellosaurus:CVCL_1518	
cellosaurus:CVCL_1520	
cellosaurus:CVCL_1521	
cellosaurus:CVCL_1522	
cellosaurus:CVCL_1523	
cellosaurus:CVCL_1527	
cellosaurus:CVCL_1529	
cellosaurus:CVCL_1530	
cellosaurus:CVCL_1531	
cellosaurus:CVCL_1532	
cellosaurus:CVCL_1533	
cellosaurus:CVCL_1535	
cellosaurus:CVCL_1536	
cellosaurus:CVCL_1537	
cellosaurus:CVCL_1538	
cellosaurus:CVCL_1539	
cellosaurus:CVCL_1540	
cellosaurus:CVCL_1545	
cellosaurus:CVCL_1546	
cellosaurus:CVCL_1548	
cellosaurus:CVCL_1549	
cellosaurus:CVCL_1550	
cellosaurus:CVCL_1551	
cellosaurus:CVCL_1552	
cellosaurus:CVCL_1553	
cellosaurus:CVCL_1555	
cellosaurus:CVCL_1558	
cellosaurus:CVCL_1560	
cellosaurus:CVCL_1563	
cellosaurus:CVCL_1564	
cellosaurus:CVCL_1565	
cellosaurus:CVCL_1566	
cellosaurus:CVCL_1567	
cellosaurus:CVCL_1569	
cellosaurus:CVCL_1571	
cellosaurus:CVCL_1574	
cellosaurus:CVCL_1576	
cellosaurus:CVCL_1577	
cellosaurus:CVCL_1580	
cellosaurus:CVCL_1581	
cellosaurus:CVCL_1583	
cellosaurus:CVCL_1584	
cellosaurus:CVCL_1585	
cellosaurus:CVCL_1587	
cellosaurus:CVCL_1588	
cellosaurus:CVCL_1590	
cellosaurus:CVCL_1592	
cellosaurus:CVCL_1595	
cellosaurus:CVCL_1598	
cellosaurus:CVCL_1599	
cellosaurus:CVCL_1601	
cellosaurus:CVCL_1605	
cellosaurus:CVCL_1608	
cellosaurus:CVCL_1613	
cellosaurus:CVCL_1616	
cellosaurus:CVCL_1617	
cellosaurus:CVCL_1622	
cellosaurus:CVCL_1627	
cellosaurus:CVCL_1631	
cellosaurus:CVCL_1632	
cellosaurus:CVCL_1635	
cellosaurus:CVCL_1638	
cellosaurus:CVCL_1639	
cellosaurus:CVCL_1648	
cellosaurus:CVCL_1652	
cellosaurus:CVCL_1655	
cellosaurus:CVCL_1660	
cellosaurus:CVCL_1661	
cellosaurus:CVCL_1666	
cellosaurus:CVCL_1673	
cellosaurus:CVCL_1676	
cellosaurus:CVCL_1679	
cellosaurus:CVCL_1681	
cellosaurus:CVCL_1683	
cellosaurus:CVCL_1684	
cellosaurus:CVCL_1685	
cellosaurus:CVCL_1687	
cellosaurus:CVCL_1689	
cellosaurus:CVCL_1691	
cellosaurus:CVCL_1692	
cellosaurus:CVCL_1693	
cellosaurus:CVCL_1701	
cellosaurus:CVCL_1702	
cellosaurus:CVCL_1706	
cellosaurus:CVCL_1707	
cellosaurus:CVCL_1711	
cellosaurus:CVCL_1712	
cellosaurus:CVCL_1715	
cellosaurus:CVCL_1716	
cellosaurus:CVCL_1717	
cellosaurus:CVCL_1718	
cellosaurus:CVCL_1719	
cellosaurus:CVCL_1721	
cellosaurus:CVCL_1722	
cellosaurus:CVCL_1725	
cellosaurus:CVCL_1726	
cellosaurus:CVCL_1727	
cellosaurus:CVCL_1728	
cellosaurus:CVCL_1729	
cellosaurus:CVCL_1730	
cellosaurus:CVCL_1731	
cellosaurus:CVCL_1732	
cellosaurus:CVCL_1733	
cellosaurus:CVCL_1734	
cellosaurus:CVCL_1735	
cellosaurus:CVCL_1736	
cellosaurus:CVCL_1751	
cellosaurus:CVCL_1759	
cellosaurus:CVCL_1773	
cellosaurus:CVCL_1779	
cellosaurus:CVCL_1781	
cellosaurus:CVCL_1782	
cellosaurus:CVCL_1784	
cellosaurus:CVCL_1786	
cellosaurus:CVCL_1787	
cellosaurus:CVCL_1788	
cellosaurus:CVCL_1790	
cellosaurus:CVCL_1791	
cellosaurus:CVCL_1792	
cellosaurus:CVCL_1793	
cellosaurus:CVCL_1794	
cellosaurus:CVCL_1796	
cellosaurus:CVCL_1798	
cellosaurus:CVCL_1805	
cellosaurus:CVCL_1808	
cellosaurus:CVCL_1812	
cellosaurus:CVCL_1817	
cellosaurus:CVCL_1818	
cellosaurus:CVCL_1819	
cellosaurus:CVCL_1821	
cellosaurus:CVCL_1822	
cellosaurus:CVCL_1829	
cellosaurus:CVCL_1844	
cellosaurus:CVCL_1847	
cellosaurus:CVCL_1856	
cellosaurus:CVCL_1860	
cellosaurus:CVCL_1870	
cellosaurus:CVCL_1872	
cellosaurus:CVCL_1875	
cellosaurus:CVCL_1878	
cellosaurus:CVCL_1879	
cellosaurus:CVCL_1880	
cellosaurus:CVCL_1881	
cellosaurus:CVCL_1883	
cellosaurus:CVCL_1884	
cellosaurus:CVCL_1885	
cellosaurus:CVCL_1887	
cellosaurus:CVCL_1888	
cellosaurus:CVCL_1889	
cellosaurus:CVCL_1890	
cellosaurus:CVCL_1896	
cellosaurus:CVCL_1897	
cellosaurus:CVCL_1911	
cellosaurus:CVCL_1978	
cellosaurus:CVCL_1979	
cellosaurus:CVCL_1980	
cellosaurus:CVCL_1982	
cellosaurus:CVCL_1991	
cellosaurus:CVCL_1992	
cellosaurus:CVCL_2003	
cellosaurus:CVCL_2004	
cellosaurus:CVCL_2005	
cellosaurus:CVCL_2010	
cellosaurus:CVCL_2027	
cellosaurus:CVCL_2030	
cellosaurus:CVCL_2047	
cellosaurus:CVCL_2057	
cellosaurus:CVCL_2059	
cellosaurus:CVCL_2060	
cellosaurus:CVCL_2062	
cellosaurus:CVCL_2067	
cellosaurus:CVCL_2075	
cellosaurus:CVCL_2077	
cellosaurus:CVCL_2092	
cellosaurus:CVCL_2096	
cellosaurus:CVCL_2098	
cellosaurus:CVCL_2104	
cellosaurus:CVCL_2112	
cellosaurus:CVCL_2186	
cellosaurus:CVCL_2206	
cellosaurus:CVCL_2208	
cellosaurus:CVCL_2240	
cellosaurus:CVCL_2253	
cellosaurus:CVCL_2307	
cellosaurus:CVCL_2310	
cellosaurus:CVCL_2312	
cellosaurus:CVCL_2315	
cellosaurus:CVCL_2319	
cellosaurus:CVCL_2418	
cellosaurus:CVCL_2419	
cellosaurus:CVCL_2425	
cellosaurus:CVCL_2439	
cellosaurus:CVCL_2444	
cellosaurus:CVCL_2447	
cellosaurus:CVCL_2520	
cellosaurus:CVCL_2536	
cellosaurus:CVCL_2539	
cellosaurus:CVCL_2581	
cellosaurus:CVCL_2582	
cellosaurus:CVCL_2588	
cellosaurus:CVCL_2601	
cellosaurus:CVCL_2605	
cellosaurus:CVCL_2607	
cellosaurus:CVCL_2608	
cellosaurus:CVCL_2609	
cellosaurus:CVCL_2610	
cellosaurus:CVCL_2612	
cellosaurus:CVCL_2613	
cellosaurus:CVCL_2614	
cellosaurus:CVCL_2658	
cellosaurus:CVCL_2661	
cellosaurus:CVCL_2671	
cellosaurus:CVCL_2678	
cellosaurus:CVCL_2682	
cellosaurus:CVCL_2683	
cellosaurus:CVCL_2687	
cellosaurus:CVCL_2689	
cellosaurus:CVCL_2690	
cellosaurus:CVCL_2691	
cellosaurus:CVCL_2717	
cellosaurus:CVCL_2739	
cellosaurus:CVCL_2741	
cellosaurus:CVCL_2754	
cellosaurus:CVCL_2755	
cellosaurus:CVCL_2756	
cellosaurus:CVCL_2765	
cellosaurus:CVCL_2784	
cellosaurus:CVCL_2785	
cellosaurus:CVCL_2786	
cellosaurus:CVCL_2788	
cellosaurus:CVCL_2795	
cellosaurus:CVCL_2803	
cellosaurus:CVCL_2856	
cellosaurus:CVCL_2870	
cellosaurus:CVCL_2873	
cellosaurus:CVCL_2908	
cellosaurus:CVCL_2909	
cellosaurus:CVCL_2917	
cellosaurus:CVCL_2956	
cellosaurus:CVCL_2971	
cellosaurus:CVCL_2973	
cellosaurus:CVCL_2974	
cellosaurus:CVCL_2983	
cellosaurus:CVCL_2984	
cellosaurus:CVCL_2986	
cellosaurus:CVCL_2995	
cellosaurus:CVCL_3001	
cellosaurus:CVCL_3041	
cellosaurus:CVCL_3082	
cellosaurus:CVCL_3084	
cellosaurus:CVCL_3087	
cellosaurus:CVCL_3088	
cellosaurus:CVCL_3111	
cellosaurus:CVCL_3114	
cellosaurus:CVCL_3117	
cellosaurus:CVCL_3119	
cellosaurus:CVCL_3143	
cellosaurus:CVCL_3152	
cellosaurus:CVCL_3156	
cellosaurus:CVCL_3160	
cellosaurus:CVCL_3167	
cellosaurus:CVCL_3168	
cellosaurus:CVCL_3169	
cellosaurus:CVCL_3174	
cellosaurus:CVCL_3175	
cellosaurus:CVCL_3177	
cellosaurus:CVCL_3216	
cellosaurus:CVCL_3298	
cellosaurus:CVCL_3299	
cellosaurus:CVCL_3317	
cellosaurus:CVCL_3374	
cellosaurus:CVCL_3375	
cellosaurus:CVCL_3376	
cellosaurus:CVCL_3377	
cellosaurus:CVCL_3378	
cellosaurus:CVCL_3421	
cellosaurus:CVCL_3423	
cellosaurus:CVCL_3424	
cellosaurus:CVCL_3495	
cellosaurus:CVCL_3524	
cellosaurus:CVCL_3532	
cellosaurus:CVCL_3599	
cellosaurus:CVCL_3605	
cellosaurus:CVCL_3611	
cellosaurus:CVCL_3613	
cellosaurus:CVCL_3728	
cellosaurus:CVCL_3775	
cellosaurus:CVCL_3806	
cellosaurus:CVCL_3876	
cellosaurus:CVCL_3880	
cellosaurus:CVCL_3881	
cellosaurus:CVCL_4004	
cellosaurus:CVCL_4012	
cellosaurus:CVCL_4019	
cellosaurus:CVCL_4042	
cellosaurus:CVCL_4213	
cellosaurus:CVCL_4373	
cellosaurus:CVCL_4377	
cellosaurus:CVCL_4449	
cellosaurus:CVCL_4450	
cellosaurus:CVCL_4451	
cellosaurus:CVCL_4452	
cellosaurus:CVCL_4455	
cellosaurus:CVCL_4569	
cellosaurus:CVCL_4613	
cellosaurus:CVCL_4633	
cellosaurus:CVCL_4640	
cellosaurus:CVCL_4641	
cellosaurus:CVCL_4643	
cellosaurus:CVCL_4747	
cellosaurus:CVCL_4996	
cellosaurus:CVCL_4W88	
cellosaurus:CVCL_5113	
cellosaurus:CVCL_5114	
cellosaurus:CVCL_5121	
cellosaurus:CVCL_5122	
cellosaurus:CVCL_5126	
cellosaurus:CVCL_5127	
cellosaurus:CVCL_5128	
cellosaurus:CVCL_5129	
cellosaurus:CVCL_5130	
cellosaurus:CVCL_5131	
cellosaurus:CVCL_5132	
cellosaurus:CVCL_5133	
cellosaurus:CVCL_5134	
cellosaurus:CVCL_5135	
cellosaurus:CVCL_5136	
cellosaurus:CVCL_5137	
cellosaurus:CVCL_5138	
cellosaurus:CVCL_5142	
cellosaurus:CVCL_5147	
cellosaurus:CVCL_5157	
cellosaurus:CVCL_5158	
cellosaurus:CVCL_5159	
cellosaurus:CVCL_5168	
cellosaurus:CVCL_5169	
cellosaurus:CVCL_5170	
cellosaurus:CVCL_5171	
cellosaurus:CVCL_5172	
cellosaurus:CVCL_5173	
cellosaurus:CVCL_5174	
cellosaurus:CVCL_5178	
cellosaurus:CVCL_5179	
cellosaurus:CVCL_5180	
cellosaurus:CVCL_5181	
cellosaurus:CVCL_5182	
cellosaurus:CVCL_5183	
cellosaurus:CVCL_5184	
cellosaurus:CVCL_5185	
cellosaurus:CVCL_5186	
cellosaurus:CVCL_5187	
cellosaurus:CVCL_5189	
cellosaurus:CVCL_5190	
cellosaurus:CVCL_5213	
cellosaurus:CVCL_5218	
cellosaurus:CVCL_5310	
cellosaurus:CVCL_5381	
cellosaurus:CVCL_5393	
cellosaurus:CVCL_5400	
cellosaurus:CVCL_5401	
cellosaurus:CVCL_5404	
cellosaurus:CVCL_5408	
cellosaurus:CVCL_5412	
cellosaurus:CVCL_5462	
cellosaurus:CVCL_5466	
cellosaurus:CVCL_5471	
cellosaurus:CVCL_5589	
cellosaurus:CVCL_5728	
cellosaurus:CVCL_5921	
cellosaurus:CVCL_5923	
cellosaurus:CVCL_5924	
cellosaurus:CVCL_5I00	
cellosaurus:CVCL_6021	
cellosaurus:CVCL_6025	
cellosaurus:CVCL_6026	
cellosaurus:CVCL_6067	
cellosaurus:CVCL_6069	
cellosaurus:CVCL_6070	
cellosaurus:CVCL_6073	
cellosaurus:CVCL_6074	
cellosaurus:CVCL_6076	
cellosaurus:CVCL_6080	
cellosaurus:CVCL_6090	
cellosaurus:CVCL_6093	
cellosaurus:CVCL_6097	
cellosaurus:CVCL_6101	
cellosaurus:CVCL_6102	
cellosaurus:CVCL_6104	
cellosaurus:CVCL_6105	
cellosaurus:CVCL_6109	
cellosaurus:CVCL_6111	
cellosaurus:CVCL_6121	
cellosaurus:CVCL_6122	
cellosaurus:CVCL_6186	
cellosaurus:CVCL_6189	
cellosaurus:CVCL_6192	
cellosaurus:CVCL_6198	
cellosaurus:CVCL_6224	
cellosaurus:CVCL_6245	
cellosaurus:CVCL_6472	
cellosaurus:CVCL_6473	
cellosaurus:CVCL_6785	
cellosaurus:CVCL_6786	
cellosaurus:CVCL_6788	
cellosaurus:CVCL_6789	
cellosaurus:CVCL_6791	
cellosaurus:CVCL_6792	
cellosaurus:CVCL_6793	
cellosaurus:CVCL_6796	
cellosaurus:CVCL_6797	
cellosaurus:CVCL_6798	
cellosaurus:CVCL_6802	
cellosaurus:CVCL_6803	
cellosaurus:CVCL_6804	
cellosaurus:CVCL_6805	
cellosaurus:CVCL_6808	
cellosaurus:CVCL_6958	
cellosaurus:CVCL_6995	
cellosaurus:CVCL_7042	
cellosaurus:CVCL_7043	
cellosaurus:CVCL_7123	
cellosaurus:CVCL_7146	
cellosaurus:CVCL_7156	
cellosaurus:CVCL_7674	
cellosaurus:CVCL_7711	
cellosaurus:CVCL_7712	
cellosaurus:CVCL_7713	
cellosaurus:CVCL_7714	
cellosaurus:CVCL_7715	
cellosaurus:CVCL_7717	
cellosaurus:CVCL_7719	
cellosaurus:CVCL_7725	
cellosaurus:CVCL_7727	
cellosaurus:CVCL_7733	
cellosaurus:CVCL_7735	
cellosaurus:CVCL_7738	
cellosaurus:CVCL_7739	
cellosaurus:CVCL_7753	
cellosaurus:CVCL_7755	
cellosaurus:CVCL_7758	
cellosaurus:CVCL_7759	
cellosaurus:CVCL_7761	
cellosaurus:CVCL_7768	
cellosaurus:CVCL_7770	
cellosaurus:CVCL_7772	
cellosaurus:CVCL_7775	
cellosaurus:CVCL_7781	
cellosaurus:CVCL_7783	
cellosaurus:CVCL_7784	
cellosaurus:CVCL_7788	
cellosaurus:CVCL_7796	
cellosaurus:CVCL_7801	
cellosaurus:CVCL_7811	
cellosaurus:CVCL_7814	
cellosaurus:CVCL_7820	
cellosaurus:CVCL_7825	
cellosaurus:CVCL_7828	
cellosaurus:CVCL_7833	
cellosaurus:CVCL_7855	
cellosaurus:CVCL_7933	
cellosaurus:CVCL_7943	
cellosaurus:CVCL_7948	
cellosaurus:CVCL_7956	
cellosaurus:CVCL_7988	
cellosaurus:CVCL_8030	
cellosaurus:CVCL_8032	
cellosaurus:CVCL_8033	
cellosaurus:CVCL_8051	
cellosaurus:CVCL_8058	
cellosaurus:CVCL_8063	
cellosaurus:CVCL_8082	
cellosaurus:CVCL_8204	
cellosaurus:CVCL_8215	
cellosaurus:CVCL_8218	
cellosaurus:CVCL_8226	
cellosaurus:CVCL_8461	
cellosaurus:CVCL_8631	
cellosaurus:CVCL_8632	
cellosaurus:CVCL_8641	
cellosaurus:CVCL_8719	
cellosaurus:CVCL_8795	
cellosaurus:CVCL_8799	
cellosaurus:CVCL_8800	
cellosaurus:CVCL_8801	
cellosaurus:CVCL_8803	
cellosaurus:CVCL_8812	
cellosaurus:CVCL_8818	
cellosaurus:CVCL_8820	
cellosaurus:CVCL_8821	
cellosaurus:CVCL_8822	
cellosaurus:CVCL_8823	
cellosaurus:CVCL_8824	
cellosaurus:CVCL_8825	
cellosaurus:CVCL_8900	
cellosaurus:CVCL_9533	
cellosaurus:CVCL_9553	
cellosaurus:CVCL_9646	
cellosaurus:CVCL_9647	
cellosaurus:CVCL_9648	
cellosaurus:CVCL_9649	
cellosaurus:CVCL_9652	
cellosaurus:CVCL_9654	
cellosaurus:CVCL_9655	
cellosaurus:CVCL_9662	
cellosaurus:CVCL_9663	
cellosaurus:CVCL_9664	
cellosaurus:CVCL_9672	
cellosaurus:CVCL_9674	
cellosaurus:CVCL_9676	
cellosaurus:CVCL_9677	
cellosaurus:CVCL_9679	
cellosaurus:CVCL_9681	
cellosaurus:CVCL_9682	
cellosaurus:CVCL_9686	
cellosaurus:CVCL_9714	
cellosaurus:CVCL_9717	
cellosaurus:CVCL_9724	
cellosaurus:CVCL_9875	
cellosaurus:CVCL_9888	
cellosaurus:CVCL_9889	
cellosaurus:CVCL_9892	
cellosaurus:CVCL_9893	
cellosaurus:CVCL_9920	
cellosaurus:CVCL_9971	
cellosaurus:CVCL_9972	
cellosaurus:CVCL_9988	
cellosaurus:CVCL_9989	
cellosaurus:CVCL_9990	
cellosaurus:CVCL_9991	
cellosaurus:CVCL_9993	
cellosaurus:CVCL_9995	
cellosaurus:CVCL_A116	
cellosaurus:CVCL_A118	
cellosaurus:CVCL_A119	
cellosaurus:CVCL_A121	
cellosaurus:CVCL_A123	
cellosaurus:CVCL_A124	
cellosaurus:CVCL_A125	
cellosaurus:CVCL_A127	
cellosaurus:CVCL_A131	
cellosaurus:CVCL_A133	
cellosaurus:CVCL_A134	
cellosaurus:CVCL_A136	
cellosaurus:CVCL_A137	
cellosaurus:CVCL_A138	
cellosaurus:CVCL_A139	
cellosaurus:CVCL_A144	
cellosaurus:CVCL_A145	
cellosaurus:CVCL_A146	
cellosaurus:CVCL_A147	
cellosaurus:CVCL_A148	
cellosaurus:CVCL_A149	
cellosaurus:CVCL_A152	
cellosaurus:CVCL_A155	
cellosaurus:CVCL_A156	
cellosaurus:CVCL_A158	
cellosaurus:CVCL_A160	
cellosaurus:CVCL_A162	
cellosaurus:CVCL_A163	
cellosaurus:CVCL_A165	
cellosaurus:CVCL_A167	
cellosaurus:CVCL_A170	
cellosaurus:CVCL_A171	
cellosaurus:CVCL_A172	
cellosaurus:CVCL_A174	
cellosaurus:CVCL_A175	
cellosaurus:CVCL_A176	
cellosaurus:CVCL_A180	
cellosaurus:CVCL_A183	
cellosaurus:CVCL_A186	
cellosaurus:CVCL_A188	
cellosaurus:CVCL_A189	
cellosaurus:CVCL_A192	
cellosaurus:CVCL_A193	
cellosaurus:CVCL_A194	
cellosaurus:CVCL_A195	
cellosaurus:CVCL_A197	
cellosaurus:CVCL_A198	
cellosaurus:CVCL_A201	
cellosaurus:CVCL_A203	
cellosaurus:CVCL_A205	
cellosaurus:CVCL_A207	
cellosaurus:CVCL_A208	
cellosaurus:CVCL_A211	
cellosaurus:CVCL_A212	
cellosaurus:CVCL_A214	
cellosaurus:CVCL_A215	
cellosaurus:CVCL_A220	
cellosaurus:CVCL_A221	
cellosaurus:CVCL_A222	
cellosaurus:CVCL_A228	
cellosaurus:CVCL_A229	
cellosaurus:CVCL_A232	
cellosaurus:CVCL_A338	
cellosaurus:CVCL_A339	
cellosaurus:CVCL_A341	
cellosaurus:CVCL_A344	
cellosaurus:CVCL_A442	
cellosaurus:CVCL_A444	
cellosaurus:CVCL_A451	
cellosaurus:CVCL_A452	
cellosaurus:CVCL_A479	
cellosaurus:CVCL_A480	
cellosaurus:CVCL_A533	
cellosaurus:CVCL_A578	
cellosaurus:CVCL_A580	
cellosaurus:CVCL_A583	
cellosaurus:CVCL_A593	
cellosaurus:CVCL_A649	
cellosaurus:CVCL_A662	
cellosaurus:CVCL_A673	
cellosaurus:CVCL_A677	
cellosaurus:CVCL_A731	
cellosaurus:CVCL_A776	
cellosaurus:CVCL_A777	
cellosaurus:CVCL_A795	
cellosaurus:CVCL_A796	
cellosaurus:CVCL_AP77	
cellosaurus:CVCL_AP86	
cellosaurus:CVCL_AP88	
cellosaurus:CVCL_AP95	
cellosaurus:CVCL_AW96	
cellosaurus:CVCL_AX39	
cellosaurus:CVCL_B040	
cellosaurus:CVCL_B077	
cellosaurus:CVCL_B322	
cellosaurus:CVCL_B323	
cellosaurus:CVCL_B412	
cellosaurus:CVCL_B426	
cellosaurus:CVCL_B476	
cellosaurus:CVCL_C171	
cellosaurus:CVCL_C265	
cellosaurus:CVCL_C266	
cellosaurus:CVCL_C267	
cellosaurus:CVCL_C268	
cellosaurus:CVCL_C269	
cellosaurus:CVCL_C270	
cellosaurus:CVCL_C272	
cellosaurus:CVCL_C273	
cellosaurus:CVCL_C279	
cellosaurus:CVCL_C280	
cellosaurus:CVCL_C281	
cellosaurus:CVCL_C283	
cellosaurus:CVCL_C288	
cellosaurus:CVCL_C291	
cellosaurus:CVCL_C292	
cellosaurus:CVCL_C301	
cellosaurus:CVCL_C501	
cellosaurus:CVCL_C503	
cellosaurus:CVCL_C505	
cellosaurus:CVCL_C576	
cellosaurus:CVCL_C581	
cellosaurus:CVCL_C582	
cellosaurus:CVCL_C587	
cellosaurus:CVCL_C590	
cellosaurus:CVCL_C593	
cellosaurus:CVCL_C594	
cellosaurus:CVCL_C595	
cellosaurus:CVCL_C599	
cellosaurus:CVCL_C600	
cellosaurus:CVCL_C602	
cellosaurus:CVCL_C603	
cellosaurus:CVCL_C606	
cellosaurus:CVCL_C607	
cellosaurus:CVCL_C609	
cellosaurus:CVCL_C610	
cellosaurus:CVCL_C615	
cellosaurus:CVCL_C618	
cellosaurus:CVCL_C827	
cellosaurus:CVCL_C836	
cellosaurus:CVCL_C837	
cellosaurus:CVCL_C838	
cellosaurus:CVCL_C839	
cellosaurus:CVCL_C840	
cellosaurus:CVCL_C841	
cellosaurus:CVCL_C842	
cellosaurus:CVCL_C845	
cellosaurus:CVCL_C846	
cellosaurus:CVCL_C847	
cellosaurus:CVCL_C848	
cellosaurus:CVCL_C850	
cellosaurus:CVCL_C851	
cellosaurus:CVCL_C852	
cellosaurus:CVCL_D022	
cellosaurus:CVCL_D035	
cellosaurus:CVCL_D130	
cellosaurus:CVCL_D284	
cellosaurus:CVCL_D702	
cellosaurus:CVCL_D709	
cellosaurus:CVCL_D710	
cellosaurus:CVCL_D732	
cellosaurus:CVCL_D788	
cellosaurus:CVCL_D880	
cellosaurus:CVCL_DF75	
cellosaurus:CVCL_DF76	
cellosaurus:CVCL_DF77	
cellosaurus:CVCL_DF78	
cellosaurus:CVCL_DF79	
cellosaurus:CVCL_DF80	
cellosaurus:CVCL_DF84	
cellosaurus:CVCL_DF85	
cellosaurus:CVCL_DF87	
cellosaurus:CVCL_DG01	
cellosaurus:CVCL_DG03	
cellosaurus:CVCL_DG09	
cellosaurus:CVCL_DG10	
cellosaurus:CVCL_DG15	
cellosaurus:CVCL_DG24	
cellosaurus:CVCL_DG36	
cellosaurus:CVCL_DG37	
cellosaurus:CVCL_DG38	
cellosaurus:CVCL_DG42	
cellosaurus:CVCL_DG58	
cellosaurus:CVCL_DG63	
cellosaurus:CVCL_DG66	
cellosaurus:CVCL_DG67	
cellosaurus:CVCL_DG69	
cellosaurus:CVCL_DG74	
cellosaurus:CVCL_DG75	
cellosaurus:CVCL_DG76	
cellosaurus:CVCL_DG78	
cellosaurus:CVCL_DG79	
cellosaurus:CVCL_DG86	
cellosaurus:CVCL_DG88	
cellosaurus:CVCL_DG89	
cellosaurus:CVCL_DG95	
cellosaurus:CVCL_DG96	
cellosaurus:CVCL_DH02	
cellosaurus:CVCL_DH03	
cellosaurus:CVCL_DH04	
cellosaurus:CVCL_DH06	
cellosaurus:CVCL_DH08	
cellosaurus:CVCL_DH09	
cellosaurus:CVCL_DH11	
cellosaurus:CVCL_DH12	
cellosaurus:CVCL_DH13	
cellosaurus:CVCL_DH14	
cellosaurus:CVCL_DH15	
cellosaurus:CVCL_DH17	
cellosaurus:CVCL_DH18	
cellosaurus:CVCL_DH20	
cellosaurus:CVCL_DH24	
cellosaurus:CVCL_DH43	
cellosaurus:CVCL_DH58	
cellosaurus:CVCL_DH59	
cellosaurus:CVCL_DH60	
cellosaurus:CVCL_DH61	
cellosaurus:CVCL_DH62	
cellosaurus:CVCL_DH63	
cellosaurus:CVCL_DH64	
cellosaurus:CVCL_DH65	
cellosaurus:CVCL_DH66	
cellosaurus:CVCL_DH67	
cellosaurus:CVCL_DH69	
cellosaurus:CVCL_DH70	
cellosaurus:CVCL_DH71	
cellosaurus:CVCL_DH72	
cellosaurus:CVCL_DH73	
cellosaurus:CVCL_DH74	
cellosaurus:CVCL_DH75	
cellosaurus:CVCL_DH76	
cellosaurus:CVCL_DH78	
cellosaurus:CVCL_DH79	
cellosaurus:CVCL_DH80	
cellosaurus:CVCL_DH81	
cellosaurus:CVCL_DH85	
cellosaurus:CVCL_DH86	
cellosaurus:CVCL_DH87	
cellosaurus:CVCL_DH97	
cellosaurus:CVCL_DH98	
cellosaurus:CVCL_DI11	
cellosaurus:CVCL_DI12	
cellosaurus:CVCL_DI13	
cellosaurus:CVCL_DI14	
cellosaurus:CVCL_DI15	
cellosaurus:CVCL_DI17	
cellosaurus:CVCL_DI18	
cellosaurus:CVCL_DI19	
cellosaurus:CVCL_DI20	
cellosaurus:CVCL_DI21	
cellosaurus:CVCL_DI22	
cellosaurus:CVCL_DI23	
cellosaurus:CVCL_DI24	
cellosaurus:CVCL_DI25	
cellosaurus:CVCL_DI27	
cellosaurus:CVCL_DI43	
cellosaurus:CVCL_DI44	
cellosaurus:CVCL_DI45	
cellosaurus:CVCL_DI46	
cellosaurus:CVCL_DI47	
cellosaurus:CVCL_DI48	
cellosaurus:CVCL_DI58	
cellosaurus:CVCL_DI59	
cellosaurus:CVCL_E321	
cellosaurus:CVCL_E325	
cellosaurus:CVCL_E997	
cellosaurus:CVCL_F001	
cellosaurus:CVCL_F504	
cellosaurus:CVCL_F645	
cellosaurus:CVCL_F755	
cellosaurus:CVCL_G209	
cellosaurus:CVCL_H604	
cellosaurus:CVCL_H607	
cellosaurus:CVCL_H608	
cellosaurus:CVCL_H614	
cellosaurus:CVCL_H631	
cellosaurus:CVCL_H633	
cellosaurus:CVCL_H668	
cellosaurus:CVCL_H669	
cellosaurus:CVCL_H677	
cellosaurus:CVCL_H681	
cellosaurus:CVCL_H943	
cellosaurus:CVCL_H944	
cellosaurus:CVCL_H945	
cellosaurus:CVCL_H946	
cellosaurus:CVCL_IR56	
cellosaurus:CVCL_IR57	
cellosaurus:CVCL_IR58	
cellosaurus:CVCL_IR59	
cellosaurus:CVCL_IR60	
cellosaurus:CVCL_IR61	
cellosaurus:CVCL_IR62	
cellosaurus:CVCL_IR63	
cellosaurus:CVCL_IR64	
cellosaurus:CVCL_IR65	
cellosaurus:CVCL_IR66	
cellosaurus:CVCL_IR67	
cellosaurus:CVCL_IR68	
cellosaurus:CVCL_IR69	
cellosaurus:CVCL_IR70	
cellosaurus:CVCL_IR71	
cellosaurus:CVCL_IR72	
cellosaurus:CVCL_IR73	
cellosaurus:CVCL_IR74	
cellosaurus:CVCL_IR75	
cellosaurus:CVCL_IR76	
cellosaurus:CVCL_IR77	
cellosaurus:CVCL_IR78	
cellosaurus:CVCL_IR79	
cellosaurus:CVCL_IR80	
cellosaurus:CVCL_IR81	
cellosaurus:CVCL_IR82	
cellosaurus:CVCL_IR83	
cellosaurus:CVCL_IR84	
cellosaurus:CVCL_IR85	
cellosaurus:CVCL_IR86	
cellosaurus:CVCL_IR87	
cellosaurus:CVCL_IR88	
cellosaurus:CVCL_IR90	
cellosaurus:CVCL_IR91	
cellosaurus:CVCL_IR92	
cellosaurus:CVCL_IR93	
cellosaurus:CVCL_IR94	
cellosaurus:CVCL_IR95	
cellosaurus:CVCL_IR96	
cellosaurus:CVCL_IR97	
cellosaurus:CVCL_IR98	
cellosaurus:CVCL_IR99	
cellosaurus:CVCL_IS00	
cellosaurus:CVCL_IS01	
cellosaurus:CVCL_IS02	
cellosaurus:CVCL_IS03	
cellosaurus:CVCL_IS04	
cellosaurus:CVCL_JY36	
cellosaurus:CVCL_L028	
cellosaurus:CVCL_L031	
cellosaurus:CVCL_L280	
cellosaurus:CVCL_L296	
cellosaurus:CVCL_L297	
cellosaurus:CVCL_L298	
cellosaurus:CVCL_L791	
cellosaurus:CVCL_LC71	
cellosaurus:CVCL_LC74	
cellosaurus:CVCL_M137	
cellosaurus:CVCL_M172	
cellosaurus:CVCL_M516	
cellosaurus:CVCL_M574	
cellosaurus:CVCL_M599	
cellosaurus:CVCL_M646	
cellosaurus:CVCL_M653	
cellosaurus:CVCL_M704	
cellosaurus:CVCL_M710	
cellosaurus:CVCL_M711	
cellosaurus:CVCL_M814	
cellosaurus:CVCL_M815	
cellosaurus:CVCL_M821	
cellosaurus:CVCL_M823	
cellosaurus:CVCL_M839	
cellosaurus:CVCL_M891	
cellosaurus:CVCL_N786	
cellosaurus:CVCL_N787	
cellosaurus:CVCL_R580	
cellosaurus:CVCL_S597	
cellosaurus:CVCL_S607	
cellosaurus:CVCL_S641	
cellosaurus:CVCL_S664	
cellosaurus:CVCL_S666	
cellosaurus:CVCL_S667	
cellosaurus:CVCL_S669	
cellosaurus:CVCL_S670	
cellosaurus:CVCL_S678	
cellosaurus:CVCL_S680	
cellosaurus:CVCL_S807	
cellosaurus:CVCL_S808	
cellosaurus:CVCL_S856	
cellosaurus:CVCL_S857	
cellosaurus:CVCL_S959	
cellosaurus:CVCL_S967	
cellosaurus:CVCL_S968	
cellosaurus:CVCL_S982	
cellosaurus:CVCL_S993	
cellosaurus:CVCL_U797	
cellosaurus:CVCL_U798	
cellosaurus:CVCL_U799	
cellosaurus:CVCL_U801	
cellosaurus:CVCL_U957	
cellosaurus:CVCL_UE17	
cellosaurus:CVCL_V607	
cellosaurus:CVCL_V608	
cellosaurus:CVCL_V609	
cellosaurus:CVCL_V611	
cellosaurus:CVCL_V612	
cellosaurus:CVCL_V744	
cellosaurus:CVCL_W082	
cellosaurus:CVCL_W083	
cellosaurus:CVCL_W084	
cellosaurus:CVCL_W085	
cellosaurus:CVCL_W086	
cellosaurus:CVCL_W131	
cellosaurus:CVCL_W132	
cellosaurus:CVCL_W527	
cellosaurus:CVCL_W530	
cellosaurus:CVCL_W531	
cellosaurus:CVCL_W869	
cellosaurus:CVCL_W871	
cellosaurus:CVCL_W872	
cellosaurus:CVCL_W874	
cellosaurus:CVCL_W875	
cellosaurus:CVCL_W878	
cellosaurus:CVCL_W879	
cellosaurus:CVCL_W886	
cellosaurus:CVCL_X481	
cellosaurus:CVCL_X482	
cellosaurus:CVCL_X904	
cellosaurus:CVCL_Y285	
